item_id_a,item_id_b
2205402,949226
2392236,110479
1925437,106301
2386172,950621
1951573,112153
2386174,112105
2202703,951395
2202705,112594
2202758,948950
2252388,107201
1951324,107824
2252775,112675
2057722,107824
2061357,109563
2274294,115135
1925444,2684709
2273584,109373
2200835,112825
2080716,111745
2090471,109885
2051374,111744
2259095,107915
1945699,112972
2261379,2684815
2260137,106836
2260199,948974
2260209,111423
2090474,109306
2061587,111752
1932787,114413
2270310,106425
2054403,107046
2052039,949309
2076120,948697
1945688,106306
2274291,951092
2054370,107119
2085051,109562
2260205,112972
2267076,106881
2054399,108293
2267308,115122
2267297,107183
1916079,951187
1932685,1085934
2392201,107046
2267093,107196
2061271,111477
1932681,111423
1938000,950297
2748937,111524
2061557,111022
2061296,108268
1932814,113046
1945669,112675
1948090,948695
2061278,111423
1945671,112594
2748902,111483
2384271,110897
1945721,115140
1932686,113891
2061314,108298
1947320,949140
2748942,110153
1945707,115147
1945706,112850
1927972,106589
1952219,2684815
2195746,107183
2061563,951259
1945670,112699
1945700,112800
2061322,951261
2061029,951395
2195742,115131
2061285,111423
1932837,950604
2054413,107148
2054395,107226
1927969,106425
1945718,111476
1945690,115122
2199990,113001
1945725,107183
2054423,107196
1925461,107460
2118253,114096
2090470,109881
1932709,114235
1932835,107130
1925446,107466
1952065,107178
1951574,112157
2054425,110708
1916080,107987
1938002,950300
2195745,114123
1949700,110897
2057312,110897
1951320,110897
1949703,107824
2075826,113748
2058073,108612
2273628,949812
2274237,112675
2268711,115147
372785,115642
2211951,948768
1925447,106301
2107569,1085951
2061799,108086
1916081,113647
2126968,107226
2386400,113108
1932710,111022
2202892,951253
2202732,113891
1932717,113448
1945682,115134
1932694,950624
2061306,107180
1927975,107178
1949488,107178
1932844,950557
1937983,109997
1945655,951092
1945656,950087
1945711,113389
2195747,111476
2061802,108174
1945723,115135
1945704,112836
1945653,106836
1932777,108268
2061619,114096
2061288,108086
2748932,111485
2748502,111523
2748943,111481
2061318,951262
1939710,113494
2118501,113628
2382887,106916
2061303,108294
2383432,113637
2748912,111386
2062033,107130
2383465,113635
1949884,948674
2126947,111692
2201220,950708
2073663,109563
2219672,108086
1947325,949140
1923748,110560
1945728,113787
1949887,948657
1932845,950557
1945708,108292
1932711,111477
1939702,950290
1945672,951100
2061749,948656
1923877,113169
1925474,106699
2262680,950618
2267299,115140
2267801,1085935
2386454,950688
2132233,110313
2268709,106546
2199160,110585
2384498,111413
2392189,113001
1945686,106546
2119121,951187
2091306,948674
2082673,113979
2267740,948656
2090473,109883
600006,109400
2085227,114142
2119909,1085952
1931864,950619
2123867,107364
2103574,2684772
2118896,950620
2120037,950709
370889,107386
2252392,113441
2124335,113108
2073409,950703
2124328,108016
366363,108000
2202769,950709
2124327,114739
2386126,106805
600148,113436
373476,106836
2126931,110708
2262679,113422
2259090,109770
2202704,113867
2095865,950688
373835,113936
2124333,113108
370172,113647
2061020,109403
2112774,1094760
2101084,113389
376551,2015021
584435,112722
2073412,112119
2106117,109304
372356,108000
367720,114695
2124331,113108
364125,114739
2118181,948948
2120743,110563
599949,109571
2108822,108941
2118916,951261
2127035,112891
2386434,108016
2259235,951188
2748935,111223
2127042,107148
2126928,108293
2386411,948677
2749089,108089
2748952,108090
2748929,108174
2386444,108087
2195575,108709
2195580,108706
1947323,949140
1945692,951102
2114913,950884
2061104,113647
1952064,106415
2260129,948974
2062029,951113
2124290,1085942
2073411,948951
2252333,950703
2750637,951113
2748881,111425
2749461,2684816
2748939,111486
2386372,109755
2085208,114437
2386427,950617
2195744,110600
2748948,111480
1932838,950618
2267292,2039738
2748541,2039737
2274293,115140
2386155,106881
2384310,949674
1912408,110563
2386251,951580
2386223,107243
2384434,949674
1951569,110600
2382203,115642
2392209,109776
2392211,108708
2082256,113001
2384548,951257
2386338,109305
2124282,107386
2386348,108016
2386366,950290
1937969,108941
2386401,114739
2123340,950614
2124339,113108
2072222,108885
2124270,109759
2386423,113108
2386435,111775
2124330,948703
2386442,950623
2392260,950492
2124271,950493
2124323,108797
2124324,114739
2061987,115352
2061994,115354
2124268,111226
2061293,107180
1942297,110600
1937975,106805
2061301,112891
1912411,110456
2061300,106701
2061706,109297
2054411,112895
1945673,951095
1927934,115629
2051219,111225
1927979,115642
2061723,950617
2260136,108100
1942295,108709
2061761,109755
1915198,948843
1915195,110313
1932740,950605
2220579,109370
2220581,113647
283944,91868
1940072,91562
957589,88850
2200643,1086986
283021,100568
283220,92472
283221,92825
2067285,1084123
2054486,98196
283739,94083
284061,97049
284215,99207
2081458,1087463
370037,100661
2258689,95918
356565,97616
285171,95462
2194605,101439
2071999,105846
2258212,100334
2204098,952437
1921383,952563
2092704,97506
2203969,1086933
2196672,1086955
1939844,102962
1940391,102649
2054396,95510
2054576,103199
2093889,952520
361472,104397
379133,96243
2071008,100463
1915176,103190
2071165,102989
1949146,99589
2194273,1086904
2066054,87892
2102912,95732
2065479,99038
2056257,98083
2220184,952084
2067706,101778
2220191,2017813
1944923,101648
2755992,1090724
2756031,90958
2755941,89599
2756033,90566
2127700,1087092
2070826,1091523
2067454,1084123
2196246,95567
2120420,104788
1942013,104914
2220999,101295
2221001,101307
1949817,102760
1949107,96270
1917405,103681
2221581,101358
1912815,2031059
2392541,102169
2071079,1703225
2387025,100389
2387195,102701
1947754,951722
1916436,953078
2071084,102836
2071145,951886
1916361,951898
1931987,951994
2223466,2137885
1940069,1884000
2053462,97356
2055731,104126
2127508,98209
363164,2137847
1917818,103317
2051599,1953959
1938110,99348
2387337,1089477
1912505,96789
2051552,98008
2051540,953610
1934584,1089477
2120937,104554
2051545,1855958
1934552,100895
1915657,99303
2111139,2047733
2198058,104364
2197692,101589
1934550,100748
1917404,97397
1929949,91747
1929978,1086293
2066097,93245
1929149,91793
1943466,1086563
1946831,93417
2052303,96695
1925941,92288
1933744,88987
1941112,93182
2070888,954850
1927104,102880
1941724,92703
2269098,92198
2121439,1084114
1946804,95189
1941725,954950
1941115,93123
1925949,92459
1930418,93430
2258775,92512
2070310,92345
1925930,1088184
1925928,91876
2070305,1088194
1915524,1725669
1925950,92701
1946796,95125
1942964,97304
2194548,954994
1946810,95142
1914787,954095
2068135,92378
2051539,951853
1943479,92969
1933001,102712
1933016,96750
1930889,91813
1929004,92745
1931085,92383
2068725,92880
1944694,2683571
1945590,87521
2262962,93109
2201959,2683738
2197774,1892963
1923995,952608
1932997,1146371
1929973,91810
1916031,92711
2054737,952695
1945594,87488
1917740,1089637
1917739,1089638
1921505,102861
2055647,97127
1918768,93017
2055341,1090222
1945770,101118
1940230,2682513
1913623,105361
1940330,98641
1927023,97128
2069318,104937
1918447,104234
1933037,95948
1919633,93241
1935624,103425
2065973,97930
2055556,104313
1944579,92805
1924204,1866136
1925277,105244
2065571,954679
1946198,958591
2200571,96889
1932981,102633
1940232,92415
1933019,104990
2790705,955038
2790706,100693
1944312,95392
1922210,94096
2070280,94042
2114680,92339
2066120,2047732
2052405,1090652
2077051,954279
1937850,93393
1946790,1084900
1930921,93320
1927043,92999
2051906,95088
1921843,88657
2066216,1089219
1920921,95112
1926491,95308
2077810,94208
2077811,1884030
1927581,95099
1928564,98245
2052851,95157
1928404,94932
2068625,954032
1927578,93687
1928421,94606
1927587,954536
379319,95778
1922223,95036
1941481,95039
2392982,101135
1939268,104765
2258652,101269
1922216,94214
1940222,91736
1921304,105889
1929001,91837
1929458,91782
2775132,2683705
2068704,2011567
2778368,1090543
2267474,2682257
2753711,2682600
2258471,2136827
2261431,1084665
1932612,102536
1920568,952538
2273363,97982
1927054,1090441
1930791,92823
1923730,93650
2790713,951939
2054696,96727
1932608,99456
2077549,953178
2198064,2683695
2773304,2136687
361984,104884
1927151,96962
356540,105970
2054128,99692
1930937,958561
1929234,2683586
1925705,96796
1942966,105257
2790722,1086201
1917815,101786
1918958,101733
363574,104554
1924098,104703
1925554,94693
1935488,91776
599630,105710
1933039,102071
283277,102633
1915436,95431
1944697,2683570
2051286,104910
2054747,952734
2054212,92958
1913628,105356
1939604,100361
2051346,951673
2051594,103617
2055166,1090433
2077383,2029248
2218013,2683570
2198906,2683591
2053037,958088
1919071,101443
1933020,105633
2258153,92548
2257784,103599
2071223,100027
1932991,100398
1920307,94688
2055210,98410
2779057,953883
1939540,954476
1934569,100749
2065405,958603
1941671,92379
2387527,1727133
1939584,102406
2387532,96500
283109,91739
1944921,103683
2052337,92644
1930864,1715331
1915459,95706
1940869,93352
1917412,954207
599710,90098
1932970,105213
2068758,93089
284257,89206
1914596,96844
2051627,91835
1946169,93159
1916972,105947
1919612,92942
1941114,93216
2053660,97767
1940092,91445
1932617,103408
2054323,99256
2051334,98488
2051632,93097
2258650,95918
2054648,105326
379127,93243
1926734,94892
1930777,91716
2068638,100196
1934426,97093
1940224,92619
1930589,92000
1930776,92069
1932979,98509
2069382,105928
1943394,94165
2065601,92932
1933723,88985
285099,100569
1928672,98731
1940871,95056
1941111,93126
1930828,1090274
2054760,97936
1915066,93966
584268,89325
283112,91926
356386,95723
1929721,93385
2051615,103617
2054766,91823
2054763,92905
1943206,101744
1940109,103192
1944691,105369
285102,98240
1944703,105372
1930884,100637
1950445,954653
957717,88852
1915666,98494
1941620,104999
1917041,1727133
2054447,92256
1942034,97607
2089122,104975
2065025,99292
362544,102607
1942695,95075
2194188,92582
283218,91897
1938104,103931
1925937,92701
1938112,103945
1924557,95979
2054461,99644
2382491,2683972
1941144,953609
1930417,94524
283319,92841
1923225,1089590
1926801,95983
1912338,1094197
1925179,100626
284650,102965
283100,91838
1927251,102022
1940867,95298
2194542,1088175
1938101,102546
1934567,100827
1940218,91741
1934571,952016
2051498,97930
2070628,1722558
1912502,102739
600159,90870
1934573,104562
1938094,101434
1933008,103088
1938096,101680
1917788,1722559
2065398,952238
1921490,105413
284016,89285
1917800,99056
1942060,1089572
2067383,102995
1915651,1911988
1943449,951999
1947961,98602
284633,102282
1938114,98805
2066002,103617
1917803,99055
1933473,958157
1923727,94702
283592,89189
2258455,105558
361877,89208
367104,98871
2197831,96268
372165,92751
2384872,91421
2094388,1864947
1949122,104400
2069979,105671
2052118,105370
2052131,104392
1951702,1086223
2078014,100470
1935041,105724
1941315,952926
2078043,1091794
599609,105966
283138,96873
361432,102849
2775075,2143156
284427,95603
1912491,103902
2056356,102721
2791119,2139914
2273268,93580
2068973,103276
284520,103920
600041,94062
370118,96832
283006,102527
283114,95558
2260502,2682244
2203715,103045
1939167,951841
365348,952696
1923798,1089568
284475,104921
600158,1089271
2052584,101413
2052564,101401
363560,102046
283229,96914
2051298,1090226
2051324,951746
2200049,105568
2196789,2146631
2272493,2683739
2194607,101550
284549,101169
284823,102046
2055706,100378
1928476,1854361
2055997,951876
1915431,1091547
1920237,101756
2791136,2024937
2261450,1086942
2258651,103964
2069319,104937
2202786,2137893
2194186,87563
2065558,91800
1941701,954927
2082417,90807
2260672,2684218
2104744,1091940
2385527,2130732
1942460,103507
2070507,97072
1923451,1086943
2203782,952959
2065747,96889
2077875,954415
1925974,954080
2260855,89317
283082,105165
1943440,97457
283381,103041
1921506,102889
283051,87926
283139,97009
2112622,99629
363565,96983
284737,2030602
284734,95914
1949148,99670
2051675,99991
1949481,102377
1949433,103188
2051596,101828
1946833,94108
304533,92036
599672,95601
361516,1086934
365011,104042
599871,1089484
2218011,1863068
367399,952217
379271,2028445
284811,1086250
2054459,95938
2051556,97416
1939538,954339
2117129,952980
2068312,958605
2065651,1090657
1915877,958662
2392970,97497
1949121,95683
1927115,1854365
283227,104145
367708,100478
284850,104422
2052124,100147
2066366,98002
2194321,2136686
2196704,1086932
2196679,953080
2065625,105306
2272652,1089794
1944313,95410
1939833,102962
283249,92572
283257,91299
1930551,91781
914308,100912
2272727,2684199
2260687,90709
2195993,95853
600108,99671
304540,105426
1917481,98578
599662,95488
283450,94970
2194497,2683856
584356,2157482
285010,951833
379088,952537
2194586,105566
914320,95527
356598,1720958
283286,91308
283788,953468
2201404,1091946
2273232,2683959
284676,1085971
584460,1090320
363790,2012889
599883,91876
363482,104787
283133,104705
1938120,97137
957592,1087830
2065383,1084638
2051279,100398
1921498,953776
2791167,104004
2791149,105144
2199221,97885
1937528,951731
2258412,1086303
2082405,91044
2266554,90420
2266727,89365
2266729,89668
1923555,1086934
2201362,1703493
2201627,101535
2758985,89363
2080805,91968
2054845,104797
2194348,1087005
2054208,93062
1938187,97164
1943291,105559
2055947,95486
2071025,1087813
1941870,97415
1942003,103388
2112479,1855958
2391803,97247
2077125,1083198
2393004,1092082
2194393,1086954
1920920,93775
2055775,97445
2055724,105902
1937546,952518
1943341,96839
1949564,1090221
1949557,103773
2052885,105507
1949801,98898
1949086,105511
1948989,1882673
2052859,102872
2052832,102064
2052935,96978
1949100,95668
1949531,101498
1951061,96827
2103070,99455
1950645,96843
1951552,104567
1929344,94383
1931819,93849
1943322,98115
1927144,102194
2053534,2021646
2056001,100896
1941765,104697
2056414,102849
1949586,95500
2252356,104358
2068906,100477
2202913,99130
2083260,98884
2056630,952880
2194324,2012709
2196633,1090303
1949072,953893
363064,953883
2053506,105436
2054843,95702
2065522,102479
1949059,103054
366946,105756
1934318,2138616
2071881,104342
2054924,98720
1946801,93766
2069834,103527
1926591,101205
1930779,112760
374822,105306
2067302,101823
2196242,95581
1919982,97895
2070975,958171
2196338,953431
283157,104387
2127666,1725341
363512,104789
2051447,1087821
1949257,104015
363583,97030
2065644,97229
599797,1865624
2194676,100987
2054494,95577
2069351,104703
373515,98249
283117,102158
283424,95507
283140,97009
1949566,96883
363641,1882673
284598,105563
284915,95702
1949511,95455
1949795,952014
2102810,102142
283234,105641
599832,93229
2071650,103625
1927075,97709
284593,105521
2196370,1087257
1948990,1882672
2052893,102189
599621,99215
2071654,98546
2065113,952247
1951608,91617
2054589,99432
600072,99419
284739,102270
1943147,91619
2068883,94819
2052496,104735
2386946,100389
2088424,103433
2052635,101414
2194095,2147151
2071117,1892659
2387058,952989
2387060,102714
2252901,97219
2055936,97702
1933318,100373
379324,1089611
2067871,2011600
600357,98467
1921523,100100
1924643,1090417
2083437,99546
2132853,95798
2052521,952988
2387219,958523
2052801,102301
1938530,101403
1939593,105631
2273828,2683789
284775,101081
2274393,102374
2083513,951691
371416,97062
1933502,952997
2122510,1084083
2052546,101290
2203113,102267
1933451,97613
2194057,952487
1919641,93264
2093434,97929
379176,958017
2201852,96751
2198907,2683571
1920317,953055
1919067,103976
1925089,100321
1932975,97586
1949109,102691
1939905,102609
2068202,98980
1925107,100320
1949732,96536
1934417,1087542
1931221,94451
1949332,2028216
1917738,99712
1943210,102959
283022,92127
2055160,91984
599684,95150
1923736,94867
2065181,93546
2749299,2685982
2088406,95133
1935489,91865
379307,88581
1941720,92602
1945758,95720
2066539,95152
957838,955082
1929511,92921
2068331,93478
1930488,104123
1941682,92966
1914850,104570
2053426,1859869
284738,1883956
1924645,1086929
362970,101512
2202884,1726385
2203716,952580
1920304,93865
1935621,93610
2202775,98210
2065802,103222
376371,99740
1948053,94499
2082786,105309
1948031,94800
2053814,101978
2051547,1100279
373354,103188
2087651,105191
283011,104219
2068634,98716
599620,100786
1946808,93380
599670,105665
1932996,100404
365012,93232
284491,96848
379259,101439
284868,95542
2105826,87866
1913073,98696
363784,94787
2054161,94612
283927,95933
584406,103728
283143,96081
1917432,93661
284506,1722536
584395,99204
370788,103480
1930760,92069
284266,2683579
2274336,95555
2748604,94104
364918,104818
365006,100086
1927153,102199
1944699,105375
283019,97961
1942095,94599
2068581,954282
368555,97779
369800,99047
1927588,93720
370390,100140
1944352,95106
957720,88953
284856,96514
285020,91987
2068154,93247
1946153,91510
1933855,958230
283213,93291
284955,93832
2052428,1083163
370732,102621
2387619,94424
2067301,1084145
2273893,2683960
284905,102691
363529,105518
283320,93158
957443,93061
2052424,955202
2052250,1083219
283808,92991
284805,2031062
1940083,91583
599667,953903
600058,99583
283056,94230
2197731,1091934
370539,1723405
1933000,100404
370997,2682530
1930171,98698
2065410,1090742
584470,1090317
2089861,103200
2203498,958964
2773250,104912
2089865,1089483
1947915,949928
2200806,100565
2077332,2685829
1938679,951698
2751147,87563
2087057,100503
2077234,952689
2120460,954426
1927040,93217
1943464,93122
1915879,91422
2122333,1091017
1951923,105347
2067720,102526
2068869,101620
2082002,93719
1929209,100995
2074546,104564
2067556,1084080
2071265,99517
2082614,93085
2089096,1088685
2068633,100897
1949244,99484
2077161,96824
2082043,94083
283822,95087
1941837,1895463
1916971,1866384
2088913,102082
2054162,94609
1914891,101642
1923454,104923
1944837,955179
2122239,2683860
1949877,97071
2067757,102571
2112521,1084365
2082489,89491
2088389,955519
2082399,90467
2088683,1091038
2081257,955532
2082441,89498
2088750,104133
361898,98437
2088013,89717
2112007,955552
2088743,96075
2081266,89386
2088250,89760
2081182,955557
2067437,102838
2090269,104203
2051664,98363
1941092,104125
2081242,89430
2081070,89491
2380796,89677
2081245,90914
2080994,2683992
2088113,89243
2088364,1091344
2088370,2684305
2082151,101952
2089399,96786
2087488,87529
2089811,98510
2082362,105530
283828,92596
2082166,1090346
2087699,87921
2065772,98048
2240198,2038578
957654,954753
2082212,952815
2053229,2130735
2080987,952868
2080754,1084481
2056487,99419
2087734,101982
2081478,952260
2056560,101009
1949733,102275
364986,90622
584501,90170
2056605,953312
284367,99384
284447,92903
2087000,101535
2088301,2684157
584551,90890
2081160,2684166
2087069,94900
1920559,1084637
2086698,98857
1949993,97199
1944942,99589
2068859,97433
1925975,954024
2113131,97505
2067280,103183
1922251,95070
1949046,95511
362206,952502
2071234,101194
1940086,1884001
2054360,103190
1938160,98789
1942454,102347
1950422,1855958
2199583,101811
2054300,95527
1915763,1087328
2103273,1703246
2065225,93565
2197683,2030594
1915364,102841
1943461,1084642
2069090,953017
2052030,97226
2050945,99323
2053035,1863079
2065506,102479
2055958,98692
1949790,97594
2052385,91372
2067036,91515
1923477,103105
2089156,100565
1920193,103319
1923559,103560
1950874,105388
2200918,102519
2087584,106343
2756943,92798
2081265,89254
362540,102341
2201065,92799
2757415,1720965
2088196,1090704
373288,104331
1911145,87608
2110321,99589
1949615,99298
2199956,89330
2107061,1086963
2111185,104179
2204113,97785
2068918,100477
2197741,101195
2054991,1087163
2069179,92821
2111124,1090630
2074831,1090221
2069230,1894593
1942014,104560
1949160,98690
2052387,1083162
2257741,1883969
2257749,1895464
2257750,103017
2194482,2147681
2257831,1090384
2055711,953800
2257755,105991
2068919,100524
2257767,95784
2257919,2685861
2054566,952714
1924488,958660
2257787,103599
1949804,98907
2258022,1091713
1920250,105943
2194317,2137892
2258440,94841
2258491,1087361
2258527,1884024
2258619,101356
1945944,952531
2127702,96083
1930846,102970
2053552,954065
2258688,101269
2258687,103964
1949189,100451
2051761,1871380
2197738,101195
1919101,97706
2086788,94270
2087707,88147
2750111,1084709
2196230,95846
2260285,2685797
2260315,99511
2065633,103096
2077235,952689
1919106,1087808
2194242,1087042
2260518,1087249
2260513,1084722
2260463,93130
364341,104559
2196734,1726389
2194390,1086901
2384798,97445
2384799,95475
2258148,102744
2258244,97214
2258245,105123
2258539,1086959
2392557,102714
1917713,1854358
2387089,1087802
2075060,104107
1913125,97089
2201271,2685793
2051909,93826
1941483,94845
2747783,2683964
1917682,97302
2115164,98032
1933111,94476
2392583,102221
1925682,105150
2387186,103135
2387197,102183
2052646,91351
2262402,953070
1939580,102227
1949234,97089
1920286,101006
2054417,98124
1937543,1091942
2262733,105995
1921319,96893
2055162,91733
2052109,98033
2055948,103741
2199629,93801
1946967,99271
2089798,953566
2262920,101842
2262921,953580
1951646,102564
1947975,1867862
2056417,99794
379344,100324
584409,952669
2070592,104349
1940332,99620
2065186,95415
1931357,99096
2054211,93135
1940138,2684807
1940122,101086
1946011,102301
2068623,94781
1925529,93485
1918766,93019
1925543,954061
1929453,91820
2197773,954927
1922936,103258
1941719,92027
2051828,104192
1941140,99223
1914645,97885
1928531,102763
2068162,94817
2127485,103758
2194481,2683857
1924549,96078
284597,96939
1925049,106003
2051848,100242
1947614,1083235
2053071,98083
2067102,1084243
2067877,101715
283794,952514
1942789,95357
2052971,1086938
1942456,103428
1932186,93685
284620,98661
1931737,104595
1942730,100462
2067199,91945
1944742,92870
1922218,94847
1922067,1087834
1927045,92139
1916477,1091949
1922256,94851
1949611,95473
2054028,1090221
2068907,100421
2200036,1089605
1913624,101668
2387653,1084165
1916030,92712
2066508,91582
2066511,91464
2066506,91582
1947917,106155
2102930,106647
1938192,104195
1927094,103667
1938177,98005
1914849,104351
1943123,2018603
2055280,97155
1941965,96873
2065053,104358
1924324,103628
2387296,1858700
1928470,103313
1944930,99578
1927429,95596
1947972,101690
1921334,95893
2053669,99205
283281,98080
1928188,93367
1931821,93742
1947963,103835
1948029,93525
2065278,2147689
1944718,102464
1925155,1090870
2069386,96216
2055037,101137
1933006,102633
1940078,1882670
2387743,1086097
1929568,101701
1929582,96603
2392858,952654
2065545,954670
1923554,1722469
2387793,1854356
2051019,98077
2050942,97505
2067576,97155
2065425,1089630
284768,95481
2386642,96712
2386776,105119
2386497,103608
283442,1088816
2386773,1952586
2068737,104957
2127519,104873
1935042,954912
362318,92350
2386927,1084217
2071052,95623
2387329,97931
362222,2683895
1922715,1084084
1924508,102612
1939236,104817
2262724,1090472
369710,95566
2052845,104354
1943281,100237
1940335,100552
1930263,105646
2072044,105421
2054594,101620
2065655,96599
2202029,960261
1918535,2682291
1940077,1873548
1946600,952244
1924637,1703515
2067560,953117
1944388,105909
1931738,97107
2056363,98974
2065551,102479
2065996,92190
2077809,105019
1943589,96972
1930824,95475
1944981,953273
1931901,953670
2747743,1953528
2078075,2029578
2077168,95634
1925216,93821
2078186,1870831
2110811,92372
2119690,100521
2118795,1091940
1916489,101798
2065494,95777
2199834,97811
2051023,98081
2201365,93522
2757955,103405
2194233,1087005
1915382,103323
1948310,95630
2051259,951672
2121084,99141
2121085,105065
2260521,1884059
2204119,104999
2386850,102404
2067673,103545
2200640,96598
1918559,1084572
2087409,1084702
2087406,104266
2193975,2138730
2087400,101521
2093549,97047
2094569,96781
1934680,104075
1931964,2683893
2052610,102056
2261438,100356
2260550,95918
2266525,958585
374853,95694
1915458,1867009
1921302,104942
2067503,96756
1924326,102447
1925373,102297
1924110,99147
1950641,98353
1914790,94634
1950219,98421
2202065,96006
1915800,91343
1919316,1090621
2052698,91313
1951103,1087578
2076787,91907
2384886,1083187
1925703,105077
2051880,101974
1924460,1726428
2258405,94305
2051269,1090511
2087649,98035
1915873,91325
1915806,959373
2055892,100478
2053068,98078
2086711,1087569
1925046,100510
1925582,95753
2258411,94304
2051834,99910
1944924,1086290
1931227,1088113
1938188,97989
1944872,103852
1937862,1088803
2066218,1726375
2054225,94441
1944896,1086223
1949778,96577
2071522,99447
2270134,1089450
1912724,105568
1915762,1087329
2197682,952239
2386513,104067
2104728,103515
2267445,95116
2267467,100108
2386809,98407
2386810,96930
1925048,106003
2065444,97862
2071953,99508
284602,1089959
2267464,101212
2067746,105616
2066472,91672
1941636,104077
2067305,104679
1951033,103526
2069206,103833
2116356,956616
1918946,101754
2267599,105058
2053162,98793
1932434,96649
1912714,101072
2052907,99071
2273791,2683740
2054331,103275
2387157,100362
1946446,102344
2065185,1884006
1932976,102712
1916439,1091420
2070563,1092154
1920324,953148
2200664,958977
2069930,100948
1946799,93992
2258134,2683615
2077105,2143976
1916214,99151
1947598,91320
1915876,955229
2052539,91412
1924494,1089441
2052662,91292
2051223,1087329
1924328,1090347
1948998,102447
1948050,93489
1924548,100556
2068870,105391
1928080,953229
1915361,104323
1927044,92739
1925154,1090872
2391810,98115
1945897,1871385
1940071,91565
2127580,97189
2056530,101674
1926160,105188
2065552,97793
1927419,953471
1928407,1087575
1926814,88003
1922999,104395
1922720,960059
2056261,95943
2076662,103804
2065085,956632
1949932,1089567
1924237,98235
2200422,2685795
366939,105443
284380,103110
2194177,954502
283035,96183
356382,105511
1940612,101983
284668,95525
284660,103888
284582,96881
283184,104245
283190,103627
283241,96569
283239,104061
283425,95564
363810,103984
364931,1894585
914331,101336
283113,104984
283141,98466
2067698,103735
283169,100234
2774523,1086568
1929255,91311
283116,102686
1941411,102737
2103284,953212
361626,95461
283889,95451
284591,97147
599622,99457
283240,102209
1944744,1725356
366089,2685888
283128,102749
1923796,952149
1939163,952145
284586,99547
1914609,100485
600137,102169
600197,103516
363200,98905
363555,96961
283987,96954
284429,104820
1931991,100266
1931989,100269
363103,100477
283080,96580
283332,103642
283228,958511
283380,105528
2051307,103761
1942024,100651
2055359,2157097
365443,952266
365754,952484
599940,100417
2754043,105006
284871,952409
2069298,952972
2051287,951746
1934681,1090653
366791,92553
284409,91834
1952034,953055
1915473,100254
1920345,952152
1946196,953075
283976,105352
2258242,102152
1929519,105897
1925970,954083
283210,91897
599633,91778
2066505,91556
2272408,955042
1941067,94543
361698,102644
1940220,92093
284111,96635
1922201,94106
2272420,93716
361907,96398
284747,92181
284893,97062
2196279,103947
372515,92218
2257849,953568
283449,93482
1943383,102810
2202212,954186
957567,92100
1946802,93440
2272508,1848323
2272505,102270
374991,93179
2272514,98152
1917410,952159
2272550,1084674
957523,88624
2053236,1087236
1925338,93987
2198645,93486
2194278,1086902
2258530,102569
1927203,104280
361776,1090529
284206,1090512
370925,95991
1918561,98669
285117,1084369
957456,1086282
1949349,103527
284423,1726436
1935364,2040953
284509,1087447
1938165,97995
285068,108897
283024,92320
2053610,103444
283296,103405
283307,92336
1920564,1726412
2272732,958327
600023,99670
1927050,954916
2065598,2130404
2054216,93065
1927454,95649
1923770,102973
2053384,1084603
2107071,96204
283020,97557
283030,100667
283166,95908
914301,103750
302102,93530
1924844,95632
283865,96843
2111158,100748
2110322,99670
1941681,2128539
284630,102467
600470,92195
1921438,104247
1948959,98096
599604,94239
379448,102892
283115,102189
283189,103918
1937849,94703
1937845,94689
283422,97117
283379,96657
1951500,102716
283786,95139
2054321,101574
2117298,96394
2117315,102528
1925560,94903
284690,104555
284741,98763
356530,1089463
1942041,100816
362537,95742
1933504,100422
285027,98410
375879,1847165
2068924,104972
2120173,96394
2118991,953002
1926188,98170
1933539,93936
1923841,100380
1949505,100161
302110,93002
1950377,103797
600124,1089463
1939808,1089650
284976,98356
285109,97950
2067192,92158
1929002,93223
1915067,95273
2260537,96673
1921289,104036
361466,91710
914309,99466
1917426,94163
2054871,2026619
600093,93999
376215,98996
584267,954060
1926941,96294
283110,92802
283129,104379
363527,103047
599618,104662
361465,91837
283325,92149
584490,93308
584289,95276
283864,96843
283866,102872
283907,95537
284110,104451
374500,100825
914307,95445
1919640,91905
1943397,953580
1921269,95946
364518,97065
361753,952400
2051779,99191
1931134,93382
1939245,104797
1931571,91318
1920064,96625
1925684,105098
1921412,97615
1938149,105370
372976,100428
2053780,104699
374029,92319
363068,101722
1925591,100786
1925577,102806
2087628,97219
1912455,92073
1912341,96357
1937843,93418
1950661,101353
1929150,103900
2194514,1953515
1923777,97710
1925542,94823
1950867,98166
2066549,91470
1925528,954066
1952289,100263
379374,96719
2089124,952589
1931299,91708
2087020,2684158
1949372,104759
2054034,1090221
2053118,104844
2055431,951853
2054330,96535
2051005,101939
1949001,104796
2056486,96071
2056478,99124
2054236,105464
2055963,98693
2055956,103240
2056564,1884052
2127665,1086190
2127550,2144552
1941970,104472
2104620,952593
2056291,1087206
2103067,97997
2078108,102842
2083519,102318
2077252,1091843
2056488,101896
2055790,953628
2051666,103864
2055964,100433
2055343,95010
2055955,98695
2066507,1091065
2066325,96045
1951024,102293
2051414,103071
2112515,99626
2055478,95473
2052567,104451
2052950,104623
2052545,95933
2113924,103317
2065534,98847
1927037,93219
2127730,98997
2066421,96438
2052460,952946
2051506,97432
2068690,1894584
2065155,1894593
2052096,98431
2066504,91464
2067349,103839
1915872,958661
2052071,104703
2067342,105921
1924534,95594
2105257,1084654
2066983,955201
2053251,97386
1912022,100383
1949485,100188
2066522,91556
1921298,104947
2054571,952589
2069326,952717
2054346,1719994
2051832,105040
1920798,105461
2065732,2136688
1946152,91684
1914772,95139
1927110,951910
1922194,93634
1923464,1086938
2069239,953237
2068384,99458
2052281,1089440
2068821,1163128
2194218,2136669
2194212,2136688
1949683,97093
1918965,98446
1920339,100432
2055786,96635
2056629,100653
2070786,98572
2071095,958523
2071096,100943
2070522,100334
2071303,1084059
1917120,96669
2071487,101468
2071729,1083381
2071369,1086844
2066159,101926
2069613,104959
2071341,1086773
1947969,104179
1946971,95930
2070489,92313
2070473,91963
2070477,91922
2055218,93235
1950009,1725343
1951708,2683900
1949429,103424
1950048,103240
1951059,105899
1949103,96672
1951025,100094
1951029,103443
1951606,91616
1949435,98942
1950332,952982
1949462,95753
1950712,100569
1951579,100311
2071882,96733
2053461,951952
2065717,1084635
2077571,1084583
1949405,950126
2194412,2137908
2194411,2137885
1951554,102643
2074858,88761
2056503,96534
2074756,1090536
2065904,96936
1921376,98900
1950816,105443
2077744,1085978
2081863,1092031
2077253,100505
2056542,102390
2076976,100320
2077509,953646
2119000,95458
2077697,953599
2067979,96092
2077632,97074
2066515,91582
2055199,101211
2077452,1087285
2077205,93696
1950698,95632
2087422,1084605
2088949,98804
2090357,98160
2081910,1084134
2080889,101584
2088945,103880
2078158,98304
2090406,95950
2090199,99646
2089724,102025
2089616,104666
2088042,89796
1949019,105574
2087751,1090348
2088244,90926
2065707,104402
1920289,99613
1929292,88070
1919107,958101
379287,100326
1924802,100606
2053450,1086943
2077188,93179
2077896,954816
1917416,95006
2086799,1084074
2103244,953288
2103308,97329
2069914,97997
2103203,98570
2071164,953242
2104116,101324
2102907,952689
2065818,952090
2065101,953331
2107231,953799
1924565,94124
2055044,105473
2052980,99733
2071852,97794
2053517,2012734
2074987,104719
2055042,1086851
2056480,101954
2114613,87614
2051830,952994
1939175,98486
2065174,1091741
2051691,103740
2065925,95660
2053089,98079
1917552,102444
2111975,91968
1939986,101960
2056600,1884049
2094075,104387
1950728,100626
2071226,100027
2067622,2029578
1944347,92618
2102954,96814
1938144,104225
2074669,1089593
2052670,2008105
2068149,93527
1942011,97756
1921435,102780
1949654,99326
2056195,1703575
2066476,91682
1926141,98838
1949665,1890181
1926149,105065
1926135,105064
1927246,1084656
1923111,103205
2067448,1091528
2067473,99124
1949657,102519
2052194,1083240
2077612,101205
1922685,1083158
1947596,91319
2074652,1083207
2076978,2143976
2074656,1089430
1922850,92611
1925689,96155
1916366,951805
1927297,102138
1923279,100890
1939259,103337
2053742,98983
2067404,102995
1931195,103002
1920220,104126
2051457,98062
1915452,102992
2077008,100990
283457,95452
2051311,958116
1925814,1091468
1925680,102912
1920190,103716
1924556,95979
1925722,95716
1924559,102785
2066041,92295
1931992,99985
1930056,96940
1932139,953431
2054513,1087821
1935542,105392
2118995,2141372
2055635,1091088
2055722,952266
2196960,101783
1935434,102504
1927333,92673
1938537,104667
1946606,2156686
1938536,104667
2055700,1864947
1914606,100488
2071126,952340
2071127,100358
2082641,95716
366923,958157
2068289,98534
1920726,95988
1917095,104232
1947962,98602
2055653,97963
1940386,101279
2068731,104180
1952182,1854370
2069322,101690
1916492,100142
1923642,96895
1933490,100336
2068876,2129899
2067867,101715
1919097,1091972
1914587,1091802
2065024,99813
1915440,104309
1923275,951742
1920242,104126
2054320,952714
1925835,105366
2055631,99179
1947990,99745
1927878,92183
1941553,2024942
1933475,952986
1915183,953011
1933481,952986
2054458,105988
1947970,953804
2068307,104179
2077994,104888
2054316,953065
1912329,99867
1918435,96648
2054302,99259
2051367,97604
2054740,104997
1912326,99869
1932551,953237
1941623,104999
1914605,953645
1920249,101756
2065370,958581
2054457,98809
1951966,952986
1924560,102785
2087976,1883984
1915439,98483
2068214,958605
2066403,99268
1931851,96575
1933501,952997
2053714,957305
2067117,101068
2069379,103958
2065489,1084115
2260395,100276
1927310,95647
2383228,951748
2193965,951678
2071535,1090769
2071517,1090769
2069375,104790
1916975,97303
2070200,94334
1949418,99122
2071489,103290
1942004,105174
1949822,104716
1920700,97556
1913066,98695
2067675,97004
374861,105335
361499,95577
361599,98473
1943217,102839
1923723,98539
1946299,93020
2081738,1091534
2056523,102353
2071364,96434
284914,952760
2067121,2026640
2110203,98793
2071625,100894
1949799,98903
1949800,98901
2056402,953102
2088937,101279
2087655,98801
2194043,103973
1944989,99884
2067429,952690
2087407,99490
369302,97947
1947025,87738
1949936,953798
1946607,2156685
1945809,91334
2122393,98131
1919985,95862
1927311,95628
2071890,2031060
1916938,98391
1950691,104024
2268473,104432
1924836,101702
1924856,96686
1924383,98864
2077496,96602
2052407,951657
1943333,100091
1921306,103367
2052844,96930
2052779,99447
1943257,95566
2052989,102695
2066223,1726376
2053179,98445
2072068,102945
1948945,103113
2071851,103120
2105244,108011
2077583,97118
1932217,97185
283409,102729
1923811,105698
2054867,96684
2067405,96815
1918522,1725339
1945949,101149
1949558,95612
1924620,1162350
1951763,105117
362077,105939
2071975,102501
1949634,105669
2050984,104893
2053197,99379
1921346,95825
1947978,953461
2194230,1084731
1920943,103120
1940993,97925
2081866,1084144
1928824,953706
2272559,102966
1929662,97061
2272576,100509
2069608,952391
1929590,92661
2120226,1952591
1932169,100985
2071479,99549
1950709,952867
1950711,100510
2051404,95824
1935033,105720
2066356,102800
1932041,101939
2273278,95594
1931704,101797
1931786,102519
2273283,1086256
1928762,102134
1931754,101957
1931770,105721
2053214,953044
2067643,101715
284713,1091041
1928906,95518
1923687,105201
1929634,104675
1950600,105292
2052022,952106
1926875,104787
1931777,105899
599659,96808
2260403,1089534
1950809,95899
2076356,953043
2081468,1084663
2067176,96898
2071546,2019951
1952084,95567
1951398,97244
2071264,99423
1949798,953336
1952262,97285
2199163,102271
2071552,1952592
2071509,2685844
2055867,96764
2052128,96770
1950655,102226
2272617,2684078
2272801,89646
2272819,90935
2273370,91231
2273380,1089855
2052757,96822
2052863,104810
2052763,96930
1926485,102915
1929183,105531
1926464,103151
1949322,96930
1924130,103439
1943273,101946
1943318,103723
1918967,103348
1945954,101955
1931739,105817
1931115,101735
2052878,97101
1933314,1089407
1916985,103164
1929029,95611
2194150,104905
2066340,953344
1930494,101617
1950796,953514
1952238,1895463
2056520,99511
1949005,102905
2082642,95716
1951709,102985
1951712,102165
2087617,98402
1951710,96203
2076666,103762
1924164,95558
2056019,101295
2053423,1087386
1919983,102842
2065574,95777
1948974,103658
2054462,97293
284565,96968
1933320,103981
1952093,1090221
1942063,103689
2054710,102625
2273807,99801
1946004,105685
2053110,101705
1943330,953608
2273737,101955
2054419,104771
1924783,104966
1921627,2685809
2273722,105186
2273780,1083153
2197721,99877
1951360,95730
2068920,105928
1950789,951770
1915444,958152
2071059,101718
2273844,97117
2124682,98762
2056643,102371
2071472,952041
1949382,99473
1950194,97237
2273869,953448
2065474,99002
1925939,1088174
1949384,104530
2052829,96966
1949383,104530
2055140,96183
1917723,1875319
1949664,98619
2273927,1088099
1949861,102965
2056559,102684
2054415,1719993
1950705,96074
1950699,96414
1949658,102285
2273959,104612
1949020,104245
2051236,2026632
1952046,1882673
1952132,100334
2196327,104627
283125,1092161
1950408,953570
1943332,103036
2196021,99447
1950364,953489
2051851,106000
1928086,953149
1943311,103040
2077030,97268
1952098,96151
2055553,952762
2052852,103106
2053136,101879
2065475,99002
2274027,92545
2052804,953166
2051038,1086959
2274038,98793
2274036,101068
1952211,102965
1949811,952531
2053015,98995
1951044,952409
2067893,956621
2194249,1090303
2194265,2137908
2051037,99738
2054042,96138
2054341,103151
2054012,104614
1949440,102434
1949624,95755
2069313,104380
1950546,99122
2056133,952674
2056137,95862
2054587,97895
2069235,103480
2071705,87936
2054534,100051
2071789,953819
1952066,95533
2071677,101877
2078062,101293
1950545,103381
2053014,97244
1950866,98166
1951534,98689
283179,104899
2052930,97520
2067170,96852
371042,105574
1950533,1476649
1950476,102995
1949023,104899
1949000,98280
1952050,104984
2065092,99370
1931971,99649
1952105,95581
1952096,95544
1933315,2683596
1943327,96839
1951065,96671
1923487,103347
1943329,103906
2052972,97470
1951047,97431
1949448,102612
2671272,958171
1949450,102612
2052556,104451
1943321,96384
1943313,97193
1923778,102714
2052847,104354
1943274,105145
1943340,953630
2052769,104367
2392564,98648
2194080,95933
2200718,1087248
2071102,96751
1952122,1890181
1949436,96843
2071564,2019951
2056350,102737
2056093,102527
2056379,102615
1951597,100576
2071086,101279
1941721,92690
1926134,951770
2052886,105759
1952121,98619
2065028,97181
1932005,98825
284762,98468
1950127,105636
1939181,95486
2077020,98233
2052657,101409
1942065,958516
2053153,952651
1934743,97408
1941926,100896
2051955,952420
2071075,951752
2779975,2682212
2055921,105497
1943270,105450
1943328,100057
2202143,952420
1951053,96989
1930145,100878
1931008,99454
1927101,1854365
2387237,95966
1934728,92976
2056135,952674
1925713,105452
2054239,98696
1950047,103275
2052625,97005
1946188,1091813
2056627,97069
2274380,958084
2082993,104522
1948955,952652
1923762,1895474
2268122,94178
2051292,101619
2053782,104004
2055826,97293
2055828,104265
2065664,103408
2052650,2034264
2055527,952917
2055520,951708
2054266,104313
1946980,95838
2055372,96791
370924,102180
1946984,96310
363498,103648
1951648,102747
1950072,100226
1942455,952994
363595,952583
2194271,1086984
363687,104822
283081,95984
1920727,1089508
363730,97073
1942451,105272
2052939,104838
1927334,91753
1915645,101889
2268386,105909
2201873,1088185
1940325,104307
1924266,104851
1944290,958631
1952244,959570
2274458,100973
1951057,95707
1921330,103025
1926943,96416
1929863,92660
2127644,953609
372949,104022
2258136,2683614
379232,104584
1950702,106006
1940090,953642
1926789,96574
365245,100237
1927555,100188
1924540,953375
2774596,1088875
2268492,2683593
2268496,97065
284692,102545
2268522,954630
2268569,952449
284847,95707
2272522,2683967
2120154,101456
1914598,99312
1924561,102888
366963,2037287
1918634,98704
369587,953674
1917947,95886
1948311,102463
1951157,95665
2051278,1089501
2065807,2047739
367697,99098
1949390,105676
1942467,104364
2054185,97037
2066485,98030
2052634,102706
2774607,1084747
2082187,2027763
368129,98098
2056064,1875945
1949008,105042
1949016,104721
1913348,1725343
368383,105514
368420,105809
2087749,952817
2087681,953707
1949009,105077
2070803,103253
2066384,98333
2051956,96596
2066380,98104
2066372,2683895
1949430,103284
2052159,103597
1951399,98068
1925667,103253
1951172,96309
2076794,1086202
1950862,102022
1951706,2683899
1924528,103597
1949434,104174
1930560,99466
2052569,97090
2052565,952663
1923734,1094785
1943342,102873
2200291,102498
1950022,2685850
2067639,1091043
2052067,95516
1950513,1703494
1913540,96875
2066288,104703
1921280,96067
2052933,953324
1921301,953515
1944727,104972
2052133,99466
2201090,1087248
2065189,94902
1949747,98521
2052464,952728
2052530,96649
2052925,97009
2052579,96861
1938542,97951
1923795,95506
1919100,97673
2052867,103621
2053066,99151
1933029,100334
1944916,102985
1913626,101653
1950790,105064
2052693,91300
2054104,95473
2269421,953229
1925530,94987
1948973,2685796
2269469,952634
1925715,104627
2269480,953573
283789,104653
1932614,96790
2198007,1087337
1944922,2683898
2269528,98427
2069363,2039743
2054521,102698
1923014,105353
1942471,104505
1915362,102135
1920287,100186
1946182,104636
1944847,104202
2054317,96926
2066379,102679
2069063,104083
1925561,954067
2065638,953556
2066318,97514
370196,953185
1913354,1725342
2052163,98098
1938140,97994
370965,105922
2068822,96394
1951472,101952
379172,101290
1927068,91952
371664,1091529
2380683,953137
371742,101924
2196232,99788
1951839,103973
1939595,95723
1939607,102644
2052778,96741
2067097,1725309
1918445,104292
2078037,98648
1923761,2037285
2055517,97155
1922268,92709
1918288,100309
2087639,95811
1938528,98860
2055655,92256
2054444,954694
2088716,97248
2065587,97195
2194370,1087057
374168,96742
2197893,1087276
1920555,101516
2380605,100471
2087393,102418
2194662,2137883
374336,100451
2053431,98265
2120898,97637
2074689,95538
2065720,1084354
374639,105317
2077634,96933
2197896,1084731
2194381,1087046
2194361,1084384
2194377,2146632
2196366,1086901
2194342,1084393
2194455,2135950
2194402,1087045
2077605,96694
600301,93057
2194263,1086933
2194374,1087303
2194388,1086901
1951607,91619
366608,95914
2269838,95923
1952288,101415
2077467,952485
1950120,953223
284302,101412
284693,99326
1924966,952851
2111213,2136678
2086709,93796
2194354,1084608
1915359,104801
599827,954564
1946982,102057
1915363,105906
1932993,97113
2088510,104943
600397,1870853
356587,100826
2067029,955170
2069483,1091756
1945630,1083200
2089992,2008103
2069372,952379
2270099,99596
2055714,96959
1931572,1083228
2202146,2026629
1946814,2028196
2202147,2026630
2380649,2137852
1931725,102695
2066099,1085864
2087578,97056
2081900,104431
1950363,953604
2082748,951792
1916407,956219
1942053,958516
2087254,92663
2056496,96833
1912500,96626
2089826,104313
2089174,100946
1928216,1859873
2087746,96131
2083578,1090631
1952073,104151
1919018,2685997
2088760,103370
2088742,102397
1951034,96184
2054155,97186
2067486,97283
2083526,101859
2067296,952514
2081962,101152
2081937,96130
2112104,954833
2056142,1090619
2082240,95454
2055546,96977
2053445,2136688
1945589,87530
2082597,1088179
2052339,93280
1944326,94157
2118972,1858707
2270684,951713
1933533,955058
1922244,95022
2077185,101307
1914774,1865623
1949854,102872
1943467,1086563
2207797,1894584
1930764,92069
2052443,104820
1941718,91833
1951405,104756
2208209,953839
1945591,87678
1949414,2685809
2208224,97328
1950896,954683
1947597,91322
2114585,93080
1928514,91785
2089104,92153
2089697,104387
1950178,91464
1917951,102988
1941702,92608
1917596,1089535
1918769,93014
2087284,101944
1947988,105456
2110337,92112
2074655,1089439
1921552,96566
1929975,91806
1931759,102717
2082274,99461
1921824,960378
2089109,92218
2088432,954483
1922002,1087833
2055196,98679
599592,88219
2089111,92218
2268605,953109
1941145,953624
1941146,953597
1952181,103835
2068184,92218
1918773,97063
1941704,92117
1940216,105950
1950160,1090621
2052674,91680
1933035,1092148
2122522,95477
370494,104943
1949300,102527
1947956,105556
2205465,95840
1928675,95511
283037,96861
284550,96047
1934427,105377
1918964,105653
1927106,1892967
1923251,952398
1921107,97071
2089863,958092
1916921,96220
1923273,952736
1924335,1090340
1951465,104349
2392994,952498
1932553,103496
361849,97975
2054353,953861
2089133,93000
2054272,1091077
2056636,105054
2056646,98381
2088328,91041
2052842,97595
2089103,2683901
2065659,103102
1951037,102363
2088319,89519
2081001,955783
283264,104544
1949124,104765
1948324,96291
2054735,958137
2269142,90068
2122358,1087555
2082018,105974
1918527,1091018
1943565,104546
1928075,953569
2082738,1086848
2789442,96540
2088017,91081
2087723,102618
1930322,93571
2051425,1722558
2393214,954410
2087739,97847
1948048,93605
1944766,95049
1946771,95089
1931825,95144
2069019,95223
1922237,95110
1922253,95373
1922208,95104
2077590,1090512
2088441,95417
1949263,99661
2203959,2044933
2052057,2683693
1922249,94845
2078063,101304
1925532,94965
1922257,93561
1922221,93925
1948033,93841
1914775,93715
2200143,1087350
2052815,93879
365950,952494
2087703,104918
1925533,94883
1942793,94540
1926489,95293
1916697,1703512
2087177,103330
283010,952014
2081459,101514
2105245,1087422
2199796,1086986
1939697,95231
2194619,956182
2201319,90673
2065276,95190
1929837,99141
1948035,94717
284576,96671
2056225,99733
284603,99625
1931291,93326
1925964,1858046
1925527,954064
1924343,93444
2054762,1859861
1939695,95230
1937755,1090836
1931760,1091962
2052734,93886
1922202,94082
1946805,93767
1933537,93936
1931687,94466
2258399,954228
2052416,91399
1916698,1703511
1922258,94848
1922260,93965
2055968,103006
283182,97084
1943335,95882
1950146,102127
2056364,98974
1952051,103439
2071471,96843
1950669,1703516
2071470,96843
2053159,952084
1952069,105387
1949070,97347
1950350,1894585
2110205,1084080
2054580,105388
584277,102716
1949374,97595
1948987,2685809
1943277,97171
1949427,96895
368296,103516
2380678,1091816
1949628,95436
2218018,98110
2196753,105995
364800,95509
379070,952669
1946972,96131
1949102,95661
2065496,95765
2194584,97649
356506,104240
2054401,97889
2054476,105930
2110843,105082
2069636,95596
599990,98472
2055987,102046
284224,101409
2054439,98519
2067076,951715
600259,2683894
375800,2136692
283331,97268
1943338,99612
2274021,102971
2067812,104645
1924109,104174
2194428,98917
2194415,2136662
2196668,952289
1950792,98838
1950860,96391
2269445,953316
1931785,104477
2194356,2137888
1931772,103839
2067136,102652
1950530,96602
2077485,98170
2273779,2684960
1935525,105343
1949144,2683892
2203932,95505
2052929,97313
2090270,96213
2077041,951770
379071,99513
366528,103852
1949438,103433
2052946,102872
366691,102944
284656,104332
2194477,1720958
599658,952446
2083446,99215
2077258,97065
379081,105962
363489,100196
2077192,92212
2077182,954656
361611,103681
284732,949796
379092,96660
1926867,88147
1921556,96260
2071627,953888
2115286,95990
2069703,87984
2052116,98797
1930746,95498
1924686,99486
1923731,94811
2081457,1084640
2201250,1087090
1920303,93993
584404,2137879
2052253,2684737
1914779,1865624
2052563,97005
1950429,1084709
1930780,91759
2052619,96648
2052613,98521
2194350,1087284
2116036,87926
2258369,1086339
1944840,93939
1930266,93142
2272735,89371
1927038,92138
2065306,93779
1915185,95529
1952149,953597
2054894,1090622
2070982,1089604
1917424,94710
1950193,98381
1930119,955008
2194642,95030
2258392,88920
2070275,94040
1927052,93289
365914,95466
1943396,103865
1924539,953806
1920690,102312
2052060,102595
2774527,1086569
1927046,954992
1920296,94434
1920305,94462
1929649,88869
373020,1087463
2077698,1084665
2054584,96371
2071063,99617
2082835,101845
2199576,94111
1931900,1890181
1951535,98688
1924538,953821
2052672,952983
2387162,98490
2056144,98688
2069828,92950
2089001,94198
2066269,102495
1931040,102771
2066284,99147
1939845,2034263
1939867,2034263
2053403,1086956
1920169,952586
363500,95571
1938173,98004
1923470,103792
1941827,98689
1916967,102610
1943458,104187
1927211,95914
1920808,104222
1949968,98667
1924465,95937
1927156,1084660
2051079,103858
1917696,97307
2074785,1084665
1917667,104015
1932573,103142
1932610,96704
2053379,1859871
2053413,1859870
1952218,99738
2082720,90870
2051234,2684856
2272530,2137842
2051257,949953
1932223,101793
1919223,1084635
1927142,102225
1926689,99688
2258599,953590
1939804,103267
1920533,96598
2051267,1084665
1915765,953646
1917681,97356
2194484,2144553
1931750,102838
1948325,1084643
1920543,1084639
1920227,99432
1916186,104010
1923471,97637
1923475,1086943
1949480,949796
1924653,98917
1927904,104076
2065729,1084665
1945950,104936
1919214,1090530
1927891,101476
1943460,101378
1919220,1087463
1920566,97326
1929069,101498
2051239,1720964
1939246,2685989
285192,1087073
1941635,96811
2266697,955571
2051264,1087328
2053311,97386
2111623,91838
2082340,94998
1949579,93293
1949369,98716
283294,100679
2386478,96940
1931589,953098
2054311,95976
2198681,101851
2673061,101673
2386789,103437
2380664,95517
372335,96073
2056626,95548
2055794,2024952
2380673,95803
2775043,95934
2056374,102500
1918924,952431
2671307,98476
1915182,103275
2116042,100711
1947739,97624
957442,92809
2775116,1892653
2775164,102496
2069488,98410
1921295,104208
2077377,99258
1934613,95665
2051923,98103
1929537,103914
1916187,105922
1944886,99152
1925700,105042
1929652,99430
1916209,2031052
2386503,96839
2386531,95587
2386542,96384
2386564,96495
2386567,96839
2386572,103608
2386637,103980
2386644,102687
2386660,1952586
2386669,104367
2386729,95566
2386736,99436
2386746,96839
2386754,952835
2386782,96839
2386803,104367
2386819,95655
2066678,1088963
1925720,105866
2070278,93586
1924103,97228
1941942,98466
1925556,93788
1912332,99837
1940662,91988
1925677,101607
2066385,104882
2391701,97154
1913627,952996
284709,1084134
2052283,95169
2753967,100989
1946179,104716
2380619,104768
1921104,100685
2082719,90746
2104062,99819
1916405,89033
2055664,103196
2051089,94856
1934421,1091756
374317,98443
2082740,104522
1949813,96413
2068632,96375
2055535,953163
1930532,91737
1917418,95351
1929327,93416
2124582,93635
1924489,91371
1917420,93760
2052362,91789
2086737,89191
1916194,94359
1921845,93789
2054181,103028
2052465,105526
2082863,1086673
2082067,103527
1930434,954384
2077045,97009
1938196,104382
1950664,99214
1930537,91708
1917428,93365
1944411,87503
2052291,92580
1921106,100480
2267594,1892969
2051094,102010
1930888,94742
2083682,102393
1950500,103457
2071710,103649
2083544,2144431
370076,105382
2052944,105726
2068584,96982
1920247,104126
1933732,88612
957820,94393
1949484,952684
1945173,94462
1914592,100451
2054226,94777
2202089,102671
2050987,956832
1952082,952234
2269589,104893
2069622,104787
2071300,100954
1921955,88867
1947923,93820
2077845,94017
1947175,102357
2386971,98475
2387084,98490
2387183,98487
1946803,93476
1925057,105028
1935053,97642
1916981,96143
1913074,96645
1937529,1091941
1925547,2685873
1929010,101799
1925562,94486
2081686,952765
1944834,1091065
284385,2157973
2051835,2683840
1924947,952810
1942728,97718
2081987,95974
1946234,98793
2082217,100093
1931776,99124
1928892,93513
2387616,93625
379348,100070
1926812,92151
2258114,1091523
2052707,952487
1944451,102358
1917442,95412
1920573,101507
1950177,91682
1925523,954776
1927058,92259
1917433,954530
2119288,98450
2088367,91021
379461,98261
1945596,87530
1916706,1703512
1927585,2011571
1934284,91577
1915635,95173
2066692,1091962
1927063,954942
1921930,87491
1930412,94587
2067082,952502
2052044,96525
1932621,103487
1932595,103102
2387563,98428
2051921,98103
2055408,2026632
1934419,958090
2266537,2684042
2260622,90481
2051403,1882674
2387405,103786
2272533,96142
2065369,952528
2065417,103666
2051271,958611
1915477,953067
363044,98057
2077333,2021658
2088266,90760
584484,95923
1946783,95063
2081143,91058
2266698,89914
2202869,100198
2202870,97268
2260630,89433
2089940,1089358
1914788,94962
2088365,90692
2082737,98303
1926152,105682
599902,90286
2266728,90712
2382407,98036
2051010,97025
1939542,954340
2077683,1087367
2199682,91565
2065131,102975
2273245,103118
2076924,2014959
1919229,953884
1918846,1087416
2087053,92852
2070351,2128539
1952129,100335
2273266,93548
1940766,100950
2118761,96750
2052517,97757
2052637,101410
2052594,97758
372611,98520
2272612,955711
2272733,91166
2380845,1090929
2112049,953839
2384137,954008
2384140,1087385
362174,2137882
1949746,98520
2200561,1084356
2759142,103717
2077527,953305
2203466,1091753
1944304,104396
2054438,103495
2052945,99012
1952116,103467
2753763,93067
2753712,99683
2089030,97015
1941995,95561
1945410,97594
283083,104991
1914373,102189
1924391,102910
1945496,98907
2082025,96776
283928,102318
284019,952435
2068071,100667
363521,100584
2056100,104367
2203963,955062
1922726,96544
284654,95480
1931735,103554
1923817,1710210
2065126,103159
1916988,953596
1931756,104099
2132296,1090656
284644,96756
1929810,97785
367540,101558
370013,102010
2054374,95529
2121487,98466
2081622,91492
2081572,96213
2081165,89450
2081177,89627
363540,101749
2077028,1091531
2069052,97585
1928996,98196
2053198,104530
1943282,105437
1930827,95475
1928760,104151
2051899,93378
1929531,96026
1943350,104705
1922247,95039
2083400,102367
2081884,97429
283996,96137
284056,96999
1931718,1087794
2054993,97089
1943279,99373
2054752,97177
1941958,100198
1941633,952678
1916922,1703398
2051474,104426
283574,97059
284583,101773
2056568,1091487
2081930,101859
284710,1084123
2069299,103808
1927289,98166
1929811,97786
1921421,101830
2051850,96725
1919315,1090625
283283,1087569
2051042,1087625
1926770,96552
2131051,105482
1940611,102064
2200016,105892
1949793,952014
1940992,97946
1921351,100153
1929642,95540
2052503,95907
1939276,103356
2051253,104265
383323,105974
1943286,95517
283265,952680
283333,95499
1921434,101852
1921265,101524
2054718,102466
2067410,96209
361640,100160
284622,101764
1926146,104148
1931975,102891
2197702,2683907
2070827,1089980
379277,100321
2056048,98847
2077015,101313
2082189,100289
2089874,103917
1928487,96959
2069591,1703516
2380636,88383
2089639,105620
284046,103228
284150,95562
2775151,1092026
284235,104246
2775088,102900
2083199,97319
2082174,952525
1920884,952520
379469,99617
2083177,96011
2089855,98410
2083170,953185
2053137,98476
284744,101651
1924814,104060
2052511,103922
356394,103435
283550,952364
2071134,1892659
2267606,959569
284428,104828
2051091,96312
1917572,953405
2069341,1091840
2051477,102380
2066495,105280
1924486,98030
2052542,952987
2194075,953849
2052489,952982
2678463,104999
2052593,101411
2065171,1894593
1918633,98706
1924977,100957
1926945,951831
2780393,2682214
1915630,952885
2082213,98867
1948510,953121
584576,98410
2082625,1715333
356412,103657
283036,96257
283093,1090131
1939790,102592
1923488,103455
1928677,95455
1941961,100198
2082856,92069
2082833,103880
2082709,93391
1918785,95560
1927298,101637
1920032,102995
2196354,951702
1941152,1089469
599776,104766
1937846,93381
1935437,102974
2258118,1875948
2273238,951731
1929451,92244
304535,99459
2082044,101919
2089381,99697
1920241,96580
2082537,89450
1940355,952551
1925276,105261
1915476,953068
1914585,1089981
302105,94715
2082811,94698
283631,1084640
2082087,92283
2053043,101960
2065964,92688
1930565,95204
283707,97457
2080896,93216
2080907,103500
2080893,92992
1941651,952197
1943554,105383
2081985,94938
2081874,103888
2121250,1084702
2194566,953234
2055778,97445
2082229,104515
1941951,97009
2082878,103674
284055,101919
284076,102182
284095,102399
2089634,104666
2380737,97172
1943401,92992
284347,104431
284362,102100
1912835,103510
1918449,103579
356456,104283
2082105,92284
284452,103894
1922291,99122
1927201,104280
2068707,92465
284588,104346
2084625,102993
284578,101859
284561,102410
284580,101739
284595,96827
2080962,100805
1949092,103750
2082130,103527
1929974,91810
284708,96130
1921109,97071
1931038,103750
1941710,91828
1939834,102962
2087251,91831
2383262,103445
2081455,1084364
2082634,98047
284916,1087421
2380620,105892
1929538,105666
2081445,1087272
2078017,1883975
285005,954537
2089645,98131
1925385,1090532
2080900,92470
285191,1087793
1925695,102595
2051031,1087571
1927138,101421
1925583,104550
1930916,103379
283299,92940
2081461,97938
2082586,1086281
2082781,99680
1944319,95421
1948958,98033
1949147,2683896
2087319,105611
2081430,1084663
1925690,96397
1925714,102835
2087310,1087379
2081406,99668
2053432,1859867
2053537,1859868
356444,97995
350386,952980
1943120,1953515
367080,102083
1944941,2683894
1924838,96371
600010,99541
2065041,105127
1948877,105509
1923284,952587
2081494,1848324
284752,102207
1921110,96602
1943522,96674
2383296,1884061
957754,88644
2065023,104028
935142,1087842
1913355,1725343
1929123,107769
600299,954634
2383346,1086162
2199987,95928
1952026,2683693
1925115,100319
1929253,91288
2270150,1090062
2082769,99694
1938136,95683
375480,98032
2052727,95206
2258243,104469
2052358,92937
1923416,104147
369627,105424
1946964,98046
2052582,97108
1920228,96650
1921329,104578
361433,103085
361437,1092020
1944962,96577
363549,102165
1929228,95516
599647,93198
1931461,99430
1930073,96151
1929120,105118
1930540,91768
283334,105385
2082490,954196
1924190,102486
283833,95849
2082466,101953
2050997,97177
1934425,102032
1923562,102628
2082714,89517
1940383,1703226
284062,103632
1945500,953839
1916438,105512
2082687,90967
2671102,104688
2082593,90636
1929794,103281
1929796,103281
284450,103899
284453,96327
1925602,103422
1938131,97990
2067793,953325
1929068,101498
2082508,101584
1915381,103323
2081280,90268
1944957,98305
1919296,104569
1920177,98947
1928688,95434
284629,95505
1942022,104517
370070,105852
284712,103370
1941672,92550
284773,100924
2068914,96520
2386583,103723
2068943,101468
1921373,96692
1919314,1090622
1919294,97065
1923641,96895
1941921,100896
2778244,101009
2082500,103315
2052604,2037284
2052025,1086256
1927441,96366
1918992,103665
1949743,1092161
2082574,951844
2056210,98111
284807,102318
600305,1090634
2082852,954936
285152,2684415
284767,97237
1929548,95434
2386959,1720970
2055759,1089599
1928770,103578
2258121,2682329
370195,100073
368951,98572
1931192,95681
2708236,2685934
285156,100322
2082370,89338
284399,102630
1946164,93175
284691,102420
600105,99588
1924321,96498
285072,93059
283167,95726
283219,91897
1930675,102037
283335,104909
2387500,954793
2093000,97047
284391,952207
1916440,97380
2070816,101825
284927,95727
284974,96445
283144,96489
283232,95587
283638,99091
2052830,104888
1912942,2038576
379252,102594
600025,93998
2082664,96997
1945936,97044
284895,97259
379325,952982
1931709,2020668
584271,90747
1946983,104779
1944919,100187
283180,97520
283235,97149
283681,90613
2081216,955262
1949652,103467
356606,1084365
2081159,90799
285185,952593
284100,89236
284689,104589
370742,98897
2121088,99707
2201126,1172347
2087281,102588
1941418,102721
2110265,104583
1941303,952925
2054603,96639
2199644,101886
2383534,97030
2069845,92816
2383566,104329
2196961,2683987
2196957,97126
2196958,1091524
2196945,101787
2383584,102950
1949478,104787
2071778,101924
2383813,100179
2383817,1091940
2383820,1091949
1949319,105462
2383829,102950
284326,101401
2055648,2011433
2384092,105128
2198059,104505
2121091,1088859
2122570,94485
2055168,2029570
2384763,104471
2082794,1087074
2384807,2034265
379352,103705
1950929,1891165
2133086,104287
2383574,2012602
2778345,954841
2197875,101001
2082057,952865
283341,104416
1920791,952202
2258625,1086900
2382554,98001
1941185,103246
2077173,1086664
370614,100764
1937864,1088817
2092994,96204
1942459,104945
376203,95672
2065255,2147689
1947178,99463
2077553,1087391
2753782,98667
1941322,952875
1915096,954696
2070703,954720
2078041,952228
1939160,958510
284585,952489
2382410,96904
1921318,95771
2778589,95458
2775147,2683952
362164,2012602
1927175,105228
1947976,1867860
2054202,103668
376336,953488
2088932,954897
2778623,2683642
2269487,2685799
1940104,102275
284966,103539
2383580,1087783
2082821,93702
2081072,90186
2070754,105572
1918517,1725338
2067163,100142
1945501,953834
1924680,98257
1928914,95616
1929551,104140
1931186,95436
1931731,97470
1929586,104111
1930014,98195
2052920,96274
2053192,102655
2257734,103250
1923872,104098
2069352,96357
1943238,103637
1916286,102174
1921436,96684
2070382,958601
2200040,99419
2087680,95113
2066420,106007
2069305,104421
1913205,103921
1929334,95567
2065554,98677
2089391,952207
2074816,2683758
1929552,96058
361669,2157095
1947951,2685895
2127724,1090920
284635,105054
1947953,952040
1931101,99409
2053227,1087328
2257828,103404
957667,92102
362640,96847
1921371,1719990
365364,96652
283871,102872
2194068,1087043
600262,952137
600433,97577
363495,104173
1927095,103445
2194367,2137857
284594,96802
368900,103973
283007,102527
1929353,95585
363794,104004
2071038,1089601
2071243,95913
283560,96621
1917113,958110
379198,104812
2071205,958523
1941639,98318
2054705,98477
2074926,100943
2052573,104697
1916364,951805
1941959,97009
1942951,95976
1942054,1091801
2051092,1145503
2127656,95084
1949298,102527
2272557,1089474
2054309,102536
2117433,94925
1943133,102063
2780791,1084170
2755997,1091850
2273811,101302
1921225,102074
2055928,951724
1943307,102873
1927303,98165
1930904,96405
2051282,99163
1923998,100482
1927304,98165
2074668,95642
1925833,1091470
1932238,101234
1921531,953732
1939272,104765
2200219,1087178
1913669,97072
1946975,95930
2273770,2685984
2392724,953612
2386982,100880
2386983,98648
2392713,102889
1937844,93434
2268102,95228
1925972,1858045
1927579,95095
1929617,88847
1939307,104771
1948041,94914
1912349,954507
2194442,101242
2208202,2683725
2209842,2683707
1945421,954200
1946777,94085
2067521,954304
2203643,2012605
1922197,93636
2069525,2030594
1930574,102919
2196694,2136673
1938108,1090991
1929148,95477
2203710,950104
1927042,92943
2258522,1087232
2065740,96694
2220056,97880
2194217,101249
1915520,953598
2269564,1087213
2203513,2137865
2203516,2136692
2258606,1084725
2203788,1084603
2203532,953069
2203518,1084715
2203794,1087217
2218969,1087463
1944743,92390
2102787,1883958
284634,102621
1944452,101748
1930427,115877
1920306,94623
1920299,94210
1939223,97244
2053741,101913
1933964,99058
1923810,2685930
2067609,96987
1939601,96567
2052664,91396
2077363,99256
2077362,101116
1939985,103520
1917952,102988
1938543,102640
2051339,104730
584477,97644
1929403,96946
2203993,2682313
2068628,104412
1938533,102752
365342,96297
2056389,102615
1912755,1873550
1920170,2683598
1939244,98068
2066395,2682662
2069913,98431
2068320,98092
1924527,1884069
1925730,104721
2054258,98430
1935028,105756
1944933,99597
1921396,1091488
1930915,105696
1924094,98061
1937753,94083
2053104,103755
2054943,2157042
1925681,96045
2203812,111006
2203714,108011
1927570,94917
2194394,106444
2194214,107997
1944943,2683896
1943256,95566
1924165,96843
2054456,102039
1939535,94854
1931850,102885
2194225,100343
1938135,97996
1939237,95523
1923276,104131
1924086,103424
2110279,98097
1938186,100147
1944917,96203
1944882,98340
1923833,1090275
2068641,104299
1934614,1854356
2203509,951721
2392998,101889
1938133,97988
1944719,102040
2113951,104135
2194154,104905
1926189,95899
2203501,952170
2066297,1086251
2050948,96633
2194148,104905
2124854,98419
1924491,1090321
2052113,98430
2066682,92697
1939847,2034263
2051467,953211
1929740,953893
2055033,103592
1917408,94871
2065992,1086294
1935087,1087386
2069963,98096
2051838,2683841
2257947,952142
1938142,104410
1929232,953753
1946807,94236
1926815,88008
1923415,95578
1924381,104678
1917431,94791
1917941,952971
2260870,90762
1927214,102377
1928822,98197
1930314,93354
2194210,1087288
2194295,1087017
1923616,952664
1925717,103820
2054214,91882
2069137,953017
1923482,102348
2067754,1084059
2052336,103658
1921555,96260
2076882,105629
2196154,104768
2077019,98233
2066199,94494
2089585,105665
2052780,96898
1947967,96157
365916,100514
2260641,90748
1928418,95247
2273372,955543
1917368,1083197
2052528,91378
1925006,953487
2272761,91193
356461,105508
2051755,98246
2051829,100744
1942727,97717
2051875,100842
1922938,99193
2266529,2684580
2071666,102779
1922242,95034
2260810,90082
1916924,95531
2078196,104510
1944926,2683892
1924387,1888794
1947948,1854367
2055353,102829
2065677,99332
2392957,102316
2392961,98231
2392965,1726451
2392968,105514
2391809,96824
2196703,2136675
1916179,97853
2121288,1084124
2053777,99906
2133089,1867005
2758896,94670
2201479,97885
2194400,1087256
2196697,1086954
2127684,953884
2055668,2025651
2196682,1086905
2132768,1091387
2757241,951857
2194206,1084731
2087695,953961
2203760,951706
2201958,101094
2380750,1090001
2087341,952871
2087757,103330
2197737,958160
2757271,90798
2757274,90600
2757091,1720965
2757094,952872
2757106,2136688
2384829,95716
2685727,2683965
2260324,104395
2756884,952397
2261440,2137865
2258538,97302
2258763,2157097
2392571,952165
2773295,954311
2067297,104078
2067282,103183
2067293,95704
2392535,101945
2673270,1083173
2272540,99922
2127765,1087352
2127473,104513
2055169,958601
2273323,1172344
2202782,953713
2273756,2685988
2257800,1883971
2273806,953892
1949120,102798
2268393,952505
1923820,1710209
2274450,956135
2200234,100643
2051283,105513
2069532,103917
2088494,101624
2269829,95654
2380634,105680
2065020,100987
2200152,105541
2208210,953839
2082901,104128
2071856,97348
2069994,105722
2071857,1087580
2380681,1089524
1950921,1087575
2201249,1087279
2082380,955214
2200904,90330
2065239,94420
2088255,91034
2196186,102762
2194382,2137903
2194292,2136679
2194304,1087294
2386595,101888
2066426,103581
2066956,1083175
2386609,952414
2386639,105987
2386643,103973
2386661,951709
2386668,95773
2386722,103904
1924512,102612
1926486,102160
2054709,96266
1920934,96716
2196138,97902
2071418,104662
1931791,102058
2386791,98107
2119463,95820
2386821,1100464
1914591,100467
2127499,105799
2201368,95033
2218364,104721
2067435,952799
2067198,96852
2196955,96627
2386552,952451
2066995,1083174
368895,102498
2067724,102518
2200831,953834
2382408,105334
2753910,954184
2269508,1091489
2753696,953926
2066172,104965
2066234,95071
2068624,94994
2070282,954436
2685725,96598
2749231,954884
2775089,103705
2384751,101309
2200128,100608
2748345,93320
2104735,101400
2258452,1089996
2203764,101963
2258453,101253
2258552,1084717
2258580,1859871
2203777,952188
2218354,2684587
2203500,953087
2220011,105643
2115077,101842
2387149,100389
2386992,96954
2387037,98490
2671317,952465
2201986,956512
2267733,2025352
2202774,104323
2200286,104405
1951178,102100
2065182,95107
2066111,2157023
2065499,99045
362911,98265
2127675,99721
2199222,99740
2102926,948136
2391770,952805
2386558,95517
2200944,105568
2194061,103046
2068701,92078
2194364,1084387
2755958,90172
2755982,958700
2756009,958313
2070247,94967
2678815,104822
2127478,1084101
2258712,97729
2272509,102270
2272814,1091897
2240205,2038578
2272725,89373
2196191,100142
2252896,952379
2102923,103603
2127745,2012734
2127757,1087350
2065944,101039
2202781,102375
2071122,951862
2051904,1091213
2127682,1086973
2071002,95806
2194447,1084605
2194334,2137865
2090314,1090634
2196026,1090768
2131337,96253
2132312,104957
2112657,95862
2679332,103649
1916496,101035
2111278,99776
2224175,103784
2197943,97245
2051174,952121
2065791,953525
2272545,1090011
1949777,98305
2270064,96982
2258614,1087463
1914893,96062
1942457,98049
2200688,1089594
2269587,97418
2268481,105985
2194396,1087008
1951598,100572
2072006,951755
2200645,2136689
2273788,100097
2067865,953242
2052305,1084359
2093918,104454
2122404,105913
2093568,98842
2120415,1092026
2132181,96448
2262736,95415
2219690,1703494
2198066,2683824
2105817,1910631
2195986,96782
2274357,1726458
2122190,952128
2131646,2683976
2113150,92141
2117444,98843
2132727,96989
2132742,95816
2106033,91900
2122577,953655
2131986,954892
2118641,101842
2132744,954679
2121312,101087
363151,1084751
2107268,953368
2115215,1091963
2094389,1864947
1942463,105123
2131169,1083218
2132415,1090965
2081515,102276
2132875,93902
2051751,1895476
2200045,1726392
2054983,1092012
2262893,2682311
2051623,96324
1939243,104840
1939291,95990
1921654,101879
1927148,96391
1930212,98242
1929654,2029573
2051314,103738
2051330,105424
379083,953566
363601,101606
1929381,103054
283272,952669
1930742,98325
2055735,96661
1941176,95857
1918944,95010
1927136,104298
2051408,105686
283554,105665
1925742,952494
2051301,96347
1932561,953950
1932560,2159264
2066281,953700
1917218,103897
1932414,957309
2051543,96862
2051578,96705
2201222,1090475
1948523,2683759
2065951,2025345
1919069,101443
1914894,95957
2199413,2685860
1943436,1090244
1939235,1865643
2055595,96977
2054468,104216
1942461,102375
2194037,2682562
1946601,1725323
2076766,2044918
2066038,2682508
2198100,100432
2262902,2682311
2261413,2682556
2262737,97931
1939242,953542
2270632,2683884
1931520,101487
1919634,91963
2196992,98995
2051618,96484
2054470,953163
2387361,97931
1920786,2143986
1915028,101953
2065420,101547
1918224,1086273
1931956,101936
1912490,102799
1935623,103831
2258147,92446
284517,102860
1912496,102753
1948644,105938
1922732,2683681
1948506,952991
2051393,103938
2055545,953711
1920340,102191
1920338,102191
1941306,952932
1925280,104541
1944698,2683591
1915654,102055
2051319,97726
1933002,102712
2051331,101606
2051550,1100279
1948524,2041561
2070566,2159827
1943435,99802
1920343,953536
1920347,98396
2272548,952720
1939232,98068
1925298,105665
2103136,1088476
2051559,97929
1946599,952245
1946597,951976
2051612,98426
1917816,99052
1912503,99443
1942470,103864
2093892,2685894
2089876,1089528
2089850,1089483
365901,1091843
1916644,95347
1929755,91797
2065808,2046875
361424,95868
2083592,1090384
1938171,95737
2112659,1091754
2069459,2048701
2090268,102454
2114599,98808
1951595,100560
2203938,1722509
2056411,102125
1948941,1086848
282990,1091534
1939797,100692
1939863,104314
1943385,101785
2385539,97467
1939842,103848
1941977,105170
1912356,102903
1943276,105086
1921356,104095
1940094,102237
1912832,1090384
2055091,97774
2089396,97740
2054289,102268
1939525,105507
2056516,102527
2072075,96805
1939846,2034263
1913582,952674
1921359,101079
1921320,98448
1930825,95475
2071468,103030
1928674,95521
1928678,95834
1929694,95709
1930065,2039184
1921344,101385
1921339,104064
1921335,104897
2072051,103113
2071356,101620
1932538,2159258
2052921,102910
1921272,95781
2393217,1703515
1944876,953272
1929693,104089
2113202,99141
2056092,102527
2074794,103270
1943241,105503
283132,101726
1943272,105390
1929256,105505
2052896,96087
2052855,96822
2052849,103144
1928754,1170881
1928973,98036
1925331,99002
1920735,103375
2071529,1090771
1943229,1952581
1934458,95664
2056614,99544
1914359,2685850
1941825,101557
1921364,101465
284553,100816
2056521,102622
1930813,95581
1922283,102531
1945493,98902
1924212,103433
2069643,953489
2056367,102646
2257869,953248
2056612,952976
1921255,98928
1921277,98922
2071559,97322
2755012,92107
1931995,104607
2056073,91930
1921428,104121
1921322,105750
2069304,101855
2053088,96736
1927109,951910
1929952,95544
1915178,100431
2054726,104545
1941919,1089576
2392528,100229
2386942,1084216
1927087,102880
2110382,958499
2055950,1090422
1933325,957077
1942055,1091801
2118436,1165477
1919677,105034
2386972,97238
2386970,101855
283922,100889
1927433,103061
2054434,102893
2386977,952465
2392553,98648
1934461,953193
1934454,96100
2212561,951841
2392558,98648
2387035,102046
2392562,102169
2383518,2682254
2387041,98475
2258027,2682227
2671311,98490
1915180,100433
2110383,94031
1926819,2685939
1939193,958104
2066132,952834
2056662,98381
1927745,101803
1941202,105660
2056023,99877
1931990,100265
1931985,99998
1923772,98648
1915385,102727
1942035,103741
1931984,99999
1933460,99140
1923759,952375
2056088,1089271
2055975,1089576
1933457,103474
1915384,953227
1915629,952880
2055926,102730
1926942,1091943
2056058,99038
1921276,1087583
2056645,105497
1921321,104058
1943132,98645
2054366,97069
1915434,98482
1919843,97609
1931981,99633
1923802,1089598
2055979,951749
2392586,98648
2071081,951772
2055949,958171
2387199,98490
2055983,951751
1928573,100161
1924803,100657
1923807,952002
2070823,958500
2071036,952165
2054602,952619
2052534,101414
2387233,951886
1919756,100867
1924813,97033
2074945,97076
1941754,98520
1941774,104907
2052502,103816
1914590,953665
1923793,1089568
1923781,103163
2054617,102265
1931988,104752
2052533,104210
2052691,952987
2052621,100263
2196943,2683987
1941773,98521
2111167,102639
600338,1089570
2055991,98478
2071136,102678
2071132,98475
2051232,101329
2055696,1858036
1945912,105780
1923786,1859119
1931951,103727
2218316,1091945
1941696,92607
2070261,1703514
957698,92099
2067118,101064
2196723,2017812
2102801,101067
1924192,104633
1912777,104935
283546,95489
1934456,97233
2056323,952383
2194164,103860
2068829,96157
2088952,95241
2387357,1089477
1915367,102212
2194110,2683802
1924271,102226
1927608,92182
2070677,96389
1917725,99812
1917841,94964
1912343,954508
2203765,106444
2203769,952530
2077815,1884031
2203712,2682241
2258483,98917
1912344,954492
2131640,93904
1920532,101513
1926077,954325
2053492,1092017
1927212,1092021
1913128,104884
1931862,104244
1920570,108011
1943526,96674
2261423,108009
2258444,953082
1948496,105197
2112517,98275
1925663,97337
2258460,1084636
2258566,2021658
2074770,1084664
2260514,1084722
1914856,2683952
2194385,1084603
2203719,958963
284664,97118
284680,1726393
2054701,99657
1941644,98352
2212697,2014983
2203725,952121
1925398,1090533
2260536,1084410
2387671,1087315
1925387,1086976
1919218,1084354
2220076,952970
2220077,105643
2258616,1084354
1918836,952207
1927265,99727
1920541,97495
1923466,1086943
1927229,105248
1927217,96956
2203796,1084326
2066241,956416
2387666,88261
1946160,93165
1927066,1088131
1946166,93157
1919613,1090984
284902,1090438
2054929,97085
2107147,98096
2051928,1086258
1919191,88201
1949143,99583
1948957,98095
2115163,98095
1949949,102461
1927238,93564
1912866,1086205
2052115,98351
283121,92013
2387726,103076
1938138,98002
1931960,104408
363548,99107
1919117,92916
599663,92664
1924796,92964
1938168,97992
1923892,92184
1923891,91874
2077745,93042
2077742,98827
2069824,97000
1925698,96504
1925728,101812
1925675,96732
1925706,102657
1924798,1333695
2056580,1884048
1941612,99931
1923902,93281
2220237,952658
2051979,96417
1924090,98986
2199980,100514
1944931,99669
1940143,93177
1944929,99584
1924532,102715
2054956,952714
2066293,98092
1932585,105435
1935029,105756
1929081,92909
2051948,96704
2051950,96790
1921355,1725340
1949770,104202
2203791,1084637
2273298,951927
2066302,105147
2052051,952652
1915413,93861
1944939,96937
2054443,95548
599619,2157044
1941963,97268
1946604,2683820
1935431,96012
2077382,2157097
284631,102875
1941204,95583
1918536,2682291
1923763,97701
2055342,92152
1913071,98703
2069397,92455
1924217,92595
2051631,92908
1948879,101698
1941949,100198
1922282,102531
1937754,1090836
2200801,1087149
1948977,1855941
1925559,94673
1937594,1086204
1917464,105730
2077375,101574
356423,1087439
1919068,100087
1939581,102227
1941160,101740
2069469,98021
2102927,93097
1943205,99075
284843,97922
1917581,93573
2674849,94069
1943215,2683624
2678842,954549
1932974,100401
2052004,98034
2077381,954635
1925342,93987
1920544,1087101
1939185,2682559
1927551,96971
2069614,103869
2081736,96772
1938189,95730
1938191,103280
1931860,103129
2052603,102228
2069822,96732
2055649,1092005
1929982,103750
2052622,103911
1938141,104400
2070243,93321
374218,98469
2194671,103756
2054715,98097
1917241,953223
1924372,103153
2052853,98716
1927293,105277
1939221,97244
1926471,102125
1926460,96571
1923249,953947
599616,102434
1943356,100871
1921308,951940
1921267,101916
1941486,102774
1927119,1090385
1938538,104667
1928994,96036
1934462,105905
1916189,105654
1917243,105517
1929741,953894
2124824,99810
1926823,954888
1934974,1870832
2069380,104638
2052869,99473
1933453,95577
1918533,2682291
2068801,2682560
2273826,2139917
2077311,101293
2273205,2139915
2383521,103689
1929315,956832
1916188,101357
284559,96931
1931746,98532
2067961,98873
2051472,1089271
1922089,87477
1945768,101119
2065588,1952590
1928285,104618
1943293,104061
2054527,102325
2050995,1090929
1933459,103785
1929647,95484
1950832,99370
1929605,103298
2065578,103610
2066469,100732
1939191,100072
1945491,98898
1927292,98166
1945489,98903
375978,98884
1915463,98481
2790658,100451
2199192,1094213
2053404,97016
2200886,1091940
2068828,105211
2068807,952480
2114776,101194
2071009,952636
2071034,96422
2069314,96110
2069983,1895154
2200144,2136692
2087375,1090515
2087418,100937
2069534,958123
2051511,2038151
2104033,113245
1912824,1090633
1912447,1726439
2071637,100911
2070620,97624
2115635,97200
2194126,97994
2052158,96417
2076963,1086252
1949336,98035
2194144,103378
2082163,99384
2197652,101451
2087730,1090876
2194141,97996
2196791,1719498
2069357,96575
2071069,102366
2071163,100438
2199958,1084715
2065017,99813
2065018,99047
2202157,1089577
1923768,958162
1914600,952636
2103247,953288
1949937,1089571
2052892,98466
1944700,101442
2074676,100198
2196150,103539
2089028,97015
1949504,103279
2054585,96775
1943320,1952594
2065634,98103
2194287,2137895
2196678,1086918
2194337,1086935
2055976,103474
2055985,958164
1951556,103728
1950118,95617
2054358,103119
2054368,104226
1949812,95980
2194434,1084601
1949386,104451
2198851,2012728
1951965,953624
2194392,2137873
1949860,97673
1946978,98047
2053086,97304
2053125,102612
2051885,951909
2104573,1083209
2199183,952502
2052673,953947
1950025,102045
1951547,97009
1952152,98466
2051984,101421
2194252,1086984
2199236,2137855
2194438,1087051
2194358,1087238
1926156,98172
1926153,101987
1926142,100139
2199154,951709
1951645,104396
1949509,95521
2054578,1090625
1915188,103111
2089433,105675
361434,953212
2071697,953202
2090200,99646
2054025,953705
2054519,103496
2054925,105887
2083249,104061
2081875,1084114
1949320,102395
2090220,97165
2199122,953213
2086724,93632
2053609,105992
2082656,952589
2054063,1083381
1951533,101557
1949296,102527
2056347,102622
2082665,99461
2065547,104593
2054090,95616
2072022,95440
1951043,104407
2054026,105531
2088778,97011
2089209,95895
1949651,103888
2065100,104053
1949241,102189
1930576,102945
1926434,99370
2199451,2026619
1951064,102058
1949421,1084085
2199452,2026619
2090078,102531
1917702,92196
2082221,96904
1949855,98907
1949802,98902
1949073,98737
1950969,953894
2055994,100816
1950673,952215
2054389,101754
283181,105850
1920701,1855941
1950147,102127
2052696,102078
1951040,104501
1915184,95510
1942048,958088
1930045,102969
1949047,95834
2106018,103337
2083567,103356
2069233,95990
1950647,1087551
2052874,95537
2104572,1888795
1944899,101099
1923816,104585
1925000,952542
1917400,103784
1930556,98044
2269593,951713
2054493,99938
1914871,95363
1932569,97249
1913351,1725341
1930910,91764
1944932,99586
2387910,952357
2386719,105983
2052166,96417
1932607,101604
1923114,2026619
1949338,952653
1919703,954042
2086725,2021655
2196421,100569
1944937,2683897
2200705,94604
1937854,2125185
1915190,103240
1924840,96775
1944914,2683900
599632,96600
2052717,1717962
1928676,95774
1931184,95547
2068898,93537
2052724,1088069
364169,952684
1912412,2014970
1927100,102880
1928901,95473
2068802,2682557
2054471,103223
2068830,103808
2052132,102800
1921374,1719991
2069499,92152
2069338,101881
2065662,98350
2068875,102455
1930643,99458
2069354,99076
1926076,94348
2056018,100731
1943138,95604
1918917,952717
1930290,100637
1940234,92414
2391528,103932
1945568,2137853
1918948,102127
1930441,93458
1946441,102344
1929733,97347
1931209,93311
1925685,104632
1940233,92413
1940067,1722465
1946806,93768
1927543,95059
1931899,98619
1918787,104523
1944841,2682579
1913070,100427
1924530,99214
1946821,95246
1948329,91872
2054260,2045630
1923836,1090276
1948045,94797
1920298,953972
1918916,952379
1949459,102806
1946811,93768
373239,1086840
1929597,97430
2066266,98459
1921275,97900
1914643,953476
2054223,94013
2069103,1091484
1927231,96696
1912355,102950
2054714,92908
1944887,96770
1930940,105619
2054746,97771
2068971,105110
2067400,97151
2203708,1087220
2068962,97331
1913007,102562
1937752,94249
1915438,104200
1917946,102632
1942412,103187
1946165,954910
1924601,952236
284536,105944
2052808,93398
1941917,104374
2203723,100103
2111987,92242
1925346,105498
1927065,87911
1921528,953722
1928446,95533
1922003,1087827
1930240,103206
1933493,100468
1943135,98644
2131832,952211
1920796,105461
1932566,103396
1915430,1090108
1952033,99613
1939146,101011
1929325,951858
1918794,100301
1923757,95519
1930031,93297
1931568,100190
1920590,99721
1918793,100232
2220079,1087287
1939575,102406
1933484,952989
1933465,958157
2258069,1089488
1929194,97353
2124708,104956
1930258,91798
1919078,94167
2054228,93553
1924562,96173
1925676,103696
1920214,1090472
1919077,94739
1941705,92625
1923112,95748
2056056,960061
2068147,91854
1929450,92776
1939605,95551
2068264,106000
1943395,103141
1940119,101088
1924341,101353
1927566,93495
1917613,104553
2068148,93164
2252265,1087658
2258690,96625
2393222,2685797
1929660,1090386
2052699,91330
2052659,1083238
2077121,93881
1944722,104279
1937840,954447
1925551,94921
2068565,93750
1925526,954132
1929212,1100246
2194500,2141282
2068678,954533
2076827,2683842
1947358,954350
2053598,93801
2068329,95007
1945759,97789
2066456,955217
1914477,2682168
2194511,1725314
2196642,94112
1941141,96451
2052688,91372
1926824,92655
2052401,91435
1930439,95118
1922196,95103
1937842,94747
2052345,1084680
2077129,95339
1934428,97376
2052390,1083162
1933894,2682625
2262399,92260
1926821,954904
2066238,101688
283420,1090649
2260586,90537
1916190,101692
1923472,105345
2067747,104530
1938272,96092
2203514,105581
1927031,93173
1926822,954904
1931691,1703575
1921390,103274
2103072,952081
2391637,2026640
2266539,90689
2268639,89363
2266543,90403
2266700,2684231
2260628,955406
2260856,955652
2260632,90931
2755591,1091252
2272627,1083713
2082424,91172
2260643,89462
2260816,90470
2082415,90483
2260817,2684174
2272640,2684580
2260650,89323
2260820,89286
2272641,90990
2272655,89357
2082721,90742
2266588,2684200
2268643,89530
2272697,90688
2266601,90496
2260830,89336
2260327,89525
2266607,955497
2266614,955652
2264240,89704
2272764,90505
2260833,89198
2088357,90585
2266633,2684229
2260838,91022
2260737,2684437
2260852,89681
2260883,2684326
2262964,89745
2088083,90566
2260885,89829
2092730,955627
2260619,91088
1929546,95612
2086735,91250
1941964,97268
2078151,98446
2080756,1089583
1938134,953344
2051260,1084665
2068316,98256
2071615,98581
2077808,1086847
1921395,1091488
1923557,1722472
2077867,1088992
2066063,87932
2260854,89262
2266536,2684046
2266696,90615
2260322,89254
2755588,90782
2260323,89312
2266704,90884
2087041,89768
2266706,90568
2266709,89364
2266710,90827
2260813,89276
2266714,90524
361786,952599
2260827,91234
2268647,91021
2266725,89470
2266737,89206
2087037,2684207
284726,2684424
2065040,97270
2260732,90819
2266752,90931
2266754,90931
2266753,90307
2266684,89757
2260785,89832
2052668,103705
2052507,100282
2052513,97132
2066674,92698
1931974,103655
1924810,102155
363851,102701
2071206,951886
1924805,102162
1925370,102698
2071195,1089585
1929522,103773
1923803,1091704
1919098,951905
2197700,2682298
1923804,97702
1923791,953864
600044,953856
370444,95602
1946950,1723403
1913072,98690
1942002,952521
1941768,953930
2054356,103038
1941753,952946
2054332,104332
2052561,101415
2069122,953209
600358,98490
1915181,102999
2076767,1089574
1931970,952255
1923478,1092033
1923766,97668
2052683,952226
1916435,952306
1937781,1090058
2105343,96164
2077796,953530
2087402,1087191
368886,951713
368349,97947
362202,105104
2105891,105435
2104595,951866
2089025,97015
2087058,1091439
2105959,1088471
371550,102137
367336,104536
2105403,105713
367754,952652
366211,99490
371315,1882673
373719,94877
372923,105411
371103,103808
1911090,1091944
364547,98921
375892,102297
365684,102849
371889,95566
369919,102125
1914868,95702
2056241,96468
2056404,105813
364916,97409
373759,98758
372049,105536
1914867,1087424
2110178,954521
1944399,1726420
2110339,953004
2110397,99881
1912809,1726405
1912982,105070
1914601,2683644
1914666,109484
1914890,953518
2110782,97991
2110315,958137
1918556,1084491
1918844,105426
1919636,954653
2111589,954923
1920183,952395
1920321,101329
2082692,101443
2111661,97975
2081869,105563
1921405,104318
2111970,1084115
1935440,1868789
2056051,97241
2671205,952953
2112023,1726430
1924182,1858707
1924960,105031
1925271,105244
2112613,952689
1926073,954324
2112721,101851
2113178,91372
375201,952994
1927192,1726436
1927199,1726441
2119352,1089578
1928101,953310
1930167,1703495
2115252,100651
1931706,93151
1931848,96586
1932971,104990
2116021,1084665
1933737,1083135
2116039,101905
2116040,953002
2116317,951757
2116508,101686
2117112,1170904
2117115,98832
2117437,1089312
2117944,1091945
1940387,1726393
1940394,1090927
1927196,1726441
2118647,98793
2118793,100378
2119327,1087665
2118711,97655
2119575,97039
1945733,954334
1943351,99342
2119958,99877
1944401,1087178
1944402,1087168
1944709,2683590
2120197,101905
2120244,104593
2120254,96794
1921367,104424
1944987,99878
2120462,953258
2120463,94863
2120601,104028
1949247,101798
1949650,102732
2121089,951785
1949901,103900
1950514,105461
1950798,98172
2122194,106788
2122537,1090631
2123134,105568
2197717,101586
2671207,2683888
2671249,1089569
2671275,98490
2671289,105152
2070830,958496
2671349,1953524
1922211,94091
2066625,1892971
2117884,101104
2105931,93307
2081421,1084637
2387831,1854356
2071699,952615
2386760,105983
2112700,1883975
2067113,2017813
2118767,2683621
2051306,953831
2197732,101585
2258495,94456
2054614,952589
2051994,2028211
2258918,1100462
2258920,1100458
2671352,1089596
2055715,105675
2387360,1089477
2055869,952990
2201417,1089577
2065175,1091739
2127454,2008102
2127500,103158
2069955,95286
2055549,952669
2068328,94992
2065424,958976
2065704,2012715
2065734,1084594
2066023,105425
2066465,1888795
2066532,955179
2067138,2137876
2067326,102846
2067930,97626
2067813,96792
2067818,104664
2067955,97626
2068127,105227
2068186,93827
2068726,92880
2054690,1086001
2065615,951974
2065127,105697
372403,100139
2053480,2012709
2070632,953162
2070696,93241
2055571,953155
2071031,958162
2071054,99566
2071879,103129
2111127,96629
2074708,952318
2074757,1090307
2074833,1090221
2056492,96331
2076987,2021670
2077233,951688
2071351,97817
2071925,2031060
2065478,99038
2104055,2014956
2075051,2685838
2067325,100848
2103279,101478
2069295,100377
2054634,105152
2086691,97506
2070718,958173
2202037,2683639
2272406,93944
2132917,92344
2197753,93770
2077453,1087203
2077597,104926
2053222,97280
2077897,97953
2055929,102366
2078160,104342
2078119,95727
2082075,105257
2082178,952257
2082123,103444
2082430,89520
2127470,93665
2081518,1090539
1916704,1703513
2273360,91812
367175,1087418
2272405,93579
2087974,1090063
2081935,102318
2087733,97846
2088506,103635
2090024,1090429
2071133,1087811
2088502,1870827
2087391,100307
599641,98466
600344,1086294
600244,97317
2054624,95460
2127484,1726455
1924396,102185
2090221,1083381
2069612,953199
1945480,98581
2258004,1089270
2093076,101794
2093329,956834
2092751,101724
2387063,97702
2270601,105838
2270624,98725
2077748,1085978
584366,100913
2116017,93563
2103272,1952590
2104737,100276
2393306,94950
2102914,95732
2393316,94901
2124812,1092034
2393317,94881
283338,104416
2393341,1726440
369945,1086952
2198825,952980
2074764,1726389
2093992,105893
2093994,105923
2119325,97538
2052660,1087809
2088463,96155
2054308,102263
2104678,105746
2122356,1087545
2082854,91973
2052373,1086256
2114770,1089310
2065773,953371
2104646,1086961
2090039,1091932
2082434,91138
2107271,95494
2387915,105420
2092754,953103
2267638,951873
2111225,1726387
2105285,1726416
2089801,98665
2112157,99689
2090205,1090619
2112480,102057
2112701,1089603
2114699,99083
2114724,1087662
2115309,104447
2116426,958194
2117424,953857
2116399,104211
2116434,97037
2118769,93234
2118794,1091940
2118823,1084145
2119321,104022
2118796,99595
2121489,102849
2122283,98266
2122384,1884949
2122511,102873
2119662,97932
2123513,97226
2123551,1882660
2124617,99020
2082090,1087774
2053436,1087076
1949748,1895463
2112625,95732
2117175,104959
2116007,952394
2052363,1087350
2051987,1086230
2104713,93042
2065408,1091998
2194515,952281
2105404,103445
2066953,1089331
2087892,103920
1926868,87921
2270666,95071
2067515,93535
2747842,1090403
2266530,2684581
2266535,2684048
1927877,954683
2272679,90557
2382612,89628
379258,958601
2272772,958244
2270726,958297
2266642,1089769
2074573,958577
2270744,958677
2266699,89963
2393246,95449
379211,103073
379345,100263
284392,104990
2198091,2682306
379161,1088471
584414,99204
379427,1172347
1911252,99477
2194235,96771
2194363,2012710
584463,97062
283225,93291
369336,104964
599750,95270
907092,958590
2078139,2136577
2090315,87685
2092865,1090511
2092969,2037287
2119509,952849
2119945,104374
2127740,2136688
361539,2136667
371945,104901
373953,100131
374701,105814
383325,101794
600203,952669
600251,99419
283512,1333694
2052327,1084637
2074951,101376
2074933,105707
2077650,1084354
2076930,1087112
2077646,1726440
2104586,1087447
2117421,99076
2124594,100816
363664,105437
371306,95529
371833,1092149
374055,104561
379485,1088471
600417,97577
1927258,1087141
1948321,96291
2115177,952357
2122291,105696
2127489,1087333
2127678,957079
2132361,104937
379218,100678
284087,90922
364736,105033
370638,97331
373615,1083443
379310,958592
386076,97125
600263,100229
600460,104563
1932546,2159259
957621,104991
1910952,100323
2671173,1089650
1924126,98365
2052013,1086229
2052106,98240
2071404,96932
2074562,94062
2087028,955312
2103286,953245
2103186,99220
2114692,100932
2114126,101294
2117326,1091698
2117891,101039
2127754,1087002
1914674,96342
2262871,104452
1931896,1890180
362558,95923
375589,98388
376120,1089271
379328,1087798
2103285,953192
2071748,953245
2071372,953092
1928405,94018
1938794,956623
2052375,1084680
2053531,2012725
2054950,1089271
2054671,1086031
2056459,105409
2102806,98791
2107269,103600
2110143,1084457
2115269,1091940
2382431,99061
374509,96984
2671335,98477
283251,100337
363644,104667
367224,953607
2387075,952465
371993,104210
2671292,97238
375918,98341
584475,1090461
957693,956167
372418,100919
1939818,102592
1911032,98758
1921849,88852
2272506,98917
2253000,953476
1949126,103848
2260551,103964
2053106,2136692
2054742,103741
2071289,102089
2074815,105372
2074862,2038150
2076902,2015007
2083324,95451
2087040,90822
2269610,952133
2110289,105326
2116415,103620
2118357,1086019
2119574,953146
2266541,955620
2267483,2684609
2260832,90601
2257789,953534
2111144,1086223
2258131,92836
2219658,104532
2274416,2048701
2260251,1086574
363546,96577
373661,102463
374554,953405
599822,93712
600089,104317
600200,952669
2092764,100417
2240193,2130735
2202776,105097
2065777,102375
2200126,105996
1912020,1866136
1912635,1084594
1914859,953087
1943528,96674
1949757,102833
1949758,102825
2053329,2012603
2065698,1087366
2071992,102237
2127541,951910
2090076,97224
2093631,98186
2111161,1090518
2112004,90622
2113941,2137884
2118718,103815
2119443,953797
2119687,94013
2123530,100378
2272538,99220
2124704,96552
2103184,952720
2273968,2685829
2119532,1086127
2055394,953831
2051295,953167
2070652,2019961
2199436,101720
2270701,95805
374836,104749
2202179,100924
2093609,105432
284371,958590
362350,101231
2127625,96418
362822,95635
2202055,88761
366881,87639
2121087,104787
368704,94787
2116307,103562
375242,102785
379479,1091753
600021,1086280
372619,102988
1912446,100356
1912792,1891173
1922436,953138
2115579,93988
1944403,1087177
1950651,103433
2053378,97068
2067816,100847
2201043,1084604
2071089,958115
2076891,1092034
2077330,105359
2082162,953714
2103174,958559
2118671,97429
2196365,1087045
2220125,105058
2196426,100565
2273355,99118
2133019,1952578
284415,104148
284858,958591
285182,93091
356552,98402
362277,958591
362309,105864
363611,102967
364401,97409
369052,95865
375871,104393
376482,101898
379404,1087798
2092761,953017
2273905,953481
1918537,2682291
1924804,97641
1943530,952593
1949663,953568
1951559,95481
2053350,2015006
2053390,1086934
2093150,104119
2069157,1089349
2069512,2029248
2070789,952411
2076896,101963
2090169,1091038
2111622,1910632
2113550,1170883
2117210,102174
2117454,103126
2119258,91759
2119671,100378
2121322,102849
2122349,93095
2056025,101189
2272619,2684578
2272766,958713
2273287,951925
2116428,93013
361445,104123
362893,87800
364637,96917
364814,95601
369447,102731
370947,104523
371792,104793
600414,97594
2272674,91033
2201648,104405
2120425,96417
1923467,2136688
1924458,1726428
1932574,101603
1932630,1847175
1952100,105646
2252899,105117
2093042,97047
2053117,1087002
2053313,1087303
2053376,1087377
2053391,103560
2053409,1087337
2054977,2014987
2055034,101137
2056238,105443
2076925,2028444
2077250,1086069
2082770,952593
2087105,92903
2093855,95859
2110294,951690
2111620,1726430
2113138,952548
2113142,91477
2115266,100378
2115327,99544
2123492,103804
2127748,2137884
2131085,953259
2194070,105371
2118797,100651
2089193,94065
363544,103824
368753,95811
369127,91847
372055,103350
374510,1084408
379174,103323
379231,100417
379416,100325
2087421,952980
2118707,99269
1911187,103673
1919681,95525
2199752,95475
1923758,1859118
1924319,105109
1943707,103633
1949035,953149
2051189,2012705
2053395,2012603
2055167,2029570
2065700,1087092
2065852,952830
2069171,1089316
2071202,1884007
2077358,958017
2077720,2034919
2082599,98917
2087306,2038578
2093514,953817
2107194,1090235
2113991,104576
2118802,1090509
2119667,100378
2120854,1703517
2121078,104089
2132293,94487
2104709,1085978
2380662,103858
2070683,2683978
2114622,101842
372994,105171
356389,1084640
366154,104569
368955,105928
370073,99505
371665,101408
584514,96115
2112495,102962
373340,102209
379415,100319
2092756,103505
356566,91643
2252377,95455
2080654,953149
2273314,101914
367691,104772
362657,1089569
361782,98821
2092742,103925
2093900,105923
2093046,99146
2106050,101427
1911069,104021
373337,951657
2127481,104272
1950190,1087805
1950579,102207
2051125,1084454
2052315,1084360
2671348,952611
2053285,2012706
2671208,1091804
2673122,1089234
2671347,952613
2065098,1084151
2070104,1864023
2077649,1087078
2077686,953087
2673074,2159264
2087608,95811
2093401,95911
2094053,2029570
2112739,99878
2115267,101905
2117395,2008644
2118380,100378
2118782,103236
368209,95517
374633,103682
374700,1725330
376268,1089571
379214,95458
600000,102434
957875,1087866
1930144,2024946
1945486,953336
2052439,101414
2076655,100927
2076899,1087287
2076900,2014977
2080929,1864960
2087295,96786
2087741,1087777
2088598,97283
2093085,101794
2117934,101905
2124822,1726440
364902,101091
366771,103392
371824,99852
373912,102079
375231,104851
957469,1091474
1914874,1084373
1918830,1084374
1920175,1091002
1921404,1091488
1924502,2685879
2053367,1087300
2067331,100644
2077547,952870
2080653,103906
2090432,105929
2103214,101453
2106048,96756
2119011,96811
2120157,1868776
2124592,105421
2124844,1086256
2132987,952597
364524,104789
366492,104550
371970,97803
372992,100879
379363,101415
600288,99670
600432,105497
1910843,94895
1910978,99098
1911018,97572
1917710,97929
1920581,100557
1922215,93447
1927235,1086974
1933713,88796
1946836,93968
1952155,102532
599628,97594
2052369,2030621
2053259,2012732
2053288,2015010
2053385,2014954
2065386,103100
2071113,97048
2077337,1090011
2080647,96843
2086692,103562
2088556,90801
2094088,1089725
2110204,98793
2111588,94956
2117165,92976
2117935,1091940
2117957,101380
2118779,1089478
2120799,103142
2121381,99694
2122251,953944
361868,98910
365485,95517
367002,97067
599963,97628
599966,95948
368388,953009
371879,104061
372797,103821
372910,102467
373027,102455
376359,96072
379167,101794
1912804,1726400
1915449,952990
1918774,94477
1918843,1087416
1926474,104535
1926883,954671
1927257,1087153
1951911,104695
1952140,97994
2053281,1087272
2053353,2015001
2068989,954914
2069155,1084614
2069174,1089318
2070792,105471
2076914,1086986
2077647,100765
2078065,102720
2102782,1084629
2103239,99168
2103230,1091258
2104729,104153
2107229,101905
2110812,2020679
2110838,96552
2112514,99702
2113910,105710
2117946,2029806
2120434,98791
2121274,952532
363026,105926
363900,1089509
364626,104590
368079,98758
372261,1089569
957440,92090
957912,102962
2112028,1726433
2115220,956276
2120848,101726
2127758,1087352
2052136,1086190
2053304,2012712
2053325,1086954
2053434,957079
2053521,2014956
2067742,104822
2068168,92918
2076936,2015007
2077734,2028443
2081693,1090416
2087326,97768
2088528,957305
2089862,102406
362151,1087356
362742,100221
364283,95694
365431,103638
367832,2683803
372649,97033
374142,953263
379339,1089509
379353,98260
383399,101316
584376,1087135
1917754,1884010
1918581,97172
1920171,2683598
1923260,1854373
1926600,1084665
1929239,98939
2074670,96006
2074918,958517
2077437,1087128
2088622,101625
2093265,1858037
2103176,1090066
2105816,2136688
2115232,953146
2116326,951763
2117314,103765
2117932,100378
2124596,105383
2131278,97722
284410,91834
356479,101974
361810,96202
362997,102439
365208,1091077
366281,1086252
368589,95700
369037,98121
369509,2685809
370300,1087461
373572,2021658
375933,1089455
599907,93341
1911261,95907
1912810,1726403
1925655,1084193
1949323,105691
2053546,1084491
2053360,2136688
2053441,2014974
2056441,103457
2067352,96736
2070073,953527
2071884,2031059
2077507,102463
2087413,1847174
2093670,97336
2102903,105353
2105901,105696
2110264,104590
2113551,1086251
2117215,953325
2117438,1089324
361846,96592
364867,96139
369761,1870831
376126,952664
585065,952722
1911256,102695
1919301,97043
1924469,1847167
1946300,92376
1949760,95952
2053352,1087073
2076918,2044934
2077891,954708
2094491,1087811
2104066,954694
2105429,95850
2107223,1094250
2110292,1089528
2112516,1084665
2115629,102991
2120945,1091940
2121081,105450
2121457,99124
2127573,98120
356454,102137
362764,102875
363921,97929
363934,953554
365373,95676
368372,104662
372830,99348
373099,1084642
584322,89491
584433,104325
1924459,105860
1926760,97612
1926778,1863085
1939204,1087810
1941992,101857
1944398,1087178
1952052,95558
1952086,100177
2053347,2012703
2069782,96417
2074706,101524
2076886,1087350
2077666,101841
2094467,99165
2102871,1087698
2106064,1162351
2113160,101749
2113915,97313
2116444,104621
2118768,93234
2119496,101195
2120249,101046
2123140,2029571
2132859,97723
362937,99147
369175,97608
371940,104285
374492,95603
379338,97758
379379,103357
1915136,99667
1916474,1089595
1924205,1849174
1934535,1087554
1939168,1089575
1946287,954855
1948503,958602
1948504,1723406
1949755,104119
1952278,104152
2053374,1084609
2053278,2012710
2053525,1084628
2066547,955203
2076895,1087149
2076892,1087104
2077043,97009
2083231,951841
2088397,2684306
2102905,952357
2104760,1083220
2115186,1084243
2117222,954390
2118664,1726440
2119932,99568
2120783,952676
2124802,1866118
2127671,1087115
369667,98170
369712,1091802
369781,101730
373733,100879
374673,957305
376257,1087011
379423,102695
356393,2683903
356515,103852
1910937,104395
1937767,1086106
1943521,1086900
1948505,953926
1951909,104695
2053292,2012708
2053330,1726416
2054392,1086989
2065242,2147689
2065488,1084115
2066146,954903
2068942,101460
2071464,96843
2074943,101380
2080916,1088173
2087696,97822
2090433,103164
2094528,1089278
2110369,100378
2110813,100786
2111973,1895475
2112494,103319
2116347,103560
2116305,104028
2118712,103535
2120262,1875945
2120466,102454
2104757,1725337
366488,101962
368643,103112
374172,100711
379267,103087
379463,95458
600455,103159
2067642,101715
2077451,2135952
2078115,96058
1919212,1087418
1924456,105309
1927887,1087180
1940625,92658
1941409,92936
1941844,1895464
1950270,952420
1950453,104356
1952047,103258
2104563,1863086
2053345,2012719
2053346,1145526
2053383,2014986
2053547,96771
2105411,103871
2107125,98409
2114130,1866387
2114626,96417
2116026,101999
2118340,953034
2118770,91964
2119275,92382
2119940,98275
2120465,105604
2120616,953072
2120941,97532
2122237,953714
2132909,953431
364726,105552
365191,95946
369261,97071
369754,1084580
379343,95707
379347,105710
600366,105563
1910844,97356
1915192,1726378
1920536,1726413
1932628,1847176
2052359,1084361
2052420,1083223
2053387,2012713
2066124,954898
2068703,92540
2068986,954906
2076723,1087116
2077126,2684666
2077386,98826
2104721,958601
2105212,953859
2110374,101160
2116319,97179
2117287,93520
2117485,1083384
2117501,953322
2119384,101299
363995,104061
365692,2014944
368629,1092028
369067,96139
374387,99623
375524,103511
375841,95525
1913119,1847166
1915456,98492
1932627,1847177
1933450,1091716
1940097,98668
1941847,1895461
1948626,104315
1949378,99379
2053270,2014965
2053301,101841
2065810,103385
2070212,954166
2071279,103072
2077966,1858041
2087131,104264
2087332,1090539
2088592,1089959
2092909,953065
2111658,104756
2118698,1873553
2118709,96022
2119402,100909
2120943,1091940
2127749,2014964
284352,102884
284404,104148
285181,93394
362354,105922
365836,95963
369048,1089286
373881,97039
379148,95778
379308,103301
600207,952669
600416,104994
1912910,1086246
1925683,1086289
1949756,102817
1950697,105758
2051995,1086218
2052001,1086250
2053373,2012722
2054975,1084674
2066516,1089320
2067899,952643
2070687,954684
2071230,100027
2076934,1087111
2076953,2012716
2077400,2685998
2080650,104662
2082767,1087248
2087674,952909
2090130,102527
2111593,1084631
2112619,103808
2114749,1089291
2114767,1864035
2117300,102551
2117938,100378
2119558,97219
2119452,103006
2121377,104999
2122441,105171
356544,96210
364583,96705
366523,102135
373101,96694
379268,103001
584390,100913
599958,1087494
600255,96533
600385,1090652
1912471,92560
1912783,96771
1919698,954041
1922867,94330
1928158,1088912
1950880,95649
1951910,104851
2053433,2136689
2067880,96745
2069154,1089311
2070107,1864024
2076926,1087302
2078122,94913
2081405,2137889
2081952,1084078
2114100,1703237
2117484,953261
2119207,953920
2120139,1875299
2124601,1087573
356498,2014956
361799,953747
370495,105573
1919981,97895
1919988,952445
1926774,105985
1927899,1090303
1933190,92977
1941684,1088101
1949642,103022
1949994,101176
1951605,1953516
2052307,1084363
2052344,1087095
2052473,2020674
2053351,1086954
2053489,1726384
2053535,96786
2055529,105261
2068137,94883
2069020,2027755
2083242,1854365
2102911,95732
2103259,100026
2105288,1084144
2105895,1726432
2107280,104020
2111184,100881
2111240,1084572
2115263,1091940
2117937,101905
2118386,99949
2118680,100909
2121326,1087560
2122331,1086125
2132522,2026642
363610,99238
364054,95942
368711,97565
379262,952285
600144,104300
1910966,105259
1920800,1086925
1932528,2683603
1932581,2028180
1933036,100399
1949771,95807
1951577,104855
2052309,1087352
2053314,2015007
2066865,2027755
2077174,1088170
2077331,2021658
2077576,1090303
2089251,2039743
2093071,97949
2103033,1083185
2105413,1089278
2110365,1089978
2112578,104722
2113545,1086256
2116512,1086153
2116515,101701
2117282,95731
2119257,93118
2120192,952249
2120972,104678
2124683,1725666
283145,92061
284948,1086673
356615,952548
362093,101526
365071,951866
368624,92699
368910,99897
370466,2683894
371510,96961
600387,953138
600431,97577
1924162,1087550
1927129,100837
1940624,92657
1946256,1726386
1951618,98590
2053317,1086912
2056185,98260
2065737,1084687
2068886,94863
2070036,95567
2070894,104946
2074666,101930
2077370,1146372
2077048,954176
2089919,91838
2093032,97047
2103185,952722
2114620,101842
2116306,98025
2117240,953804
2117435,92378
2117458,2685844
2119551,103719
2120222,101884
2120618,102392
2124815,1084650
2194579,98419
302125,90068
361842,95833
364596,1953959
366113,104902
366116,104829
370393,105299
370814,104619
371941,104364
373009,100362
374951,99745
379340,102071
1912350,104644
1913117,1087129
1916437,1726383
1920309,94623
1923423,103584
1923456,1087348
1923468,2136689
1924543,95979
1934532,94723
1940093,1882670
1941675,92200
1943553,102329
1945732,93905
1949419,105983
2051261,952289
2053305,2136689
2053946,1090221
2070689,98921
2071227,100026
2077306,92792
2080651,104061
2082112,100264
2087129,953333
2092976,98186
2093626,97272
2094383,97276
2105784,103921
2112511,1086256
2114641,1084123
2119215,954290
2119661,91484
2127762,2015007
1929015,91768
957436,92128
2273216,103766
2072281,954604
2748497,954549
2258496,94982
1916955,1090518
2065714,2043399
2392796,87866
2118656,953363
2082802,100916
2111209,102610
2274377,958134
2069436,93461
2274381,958083
2274382,958083
2197820,958166
2686043,1089528
2069615,103869
2274417,958083
2274220,105004
2082739,1091001
2102955,97293
2194120,1086251
1932599,102418
2051573,103617
2068377,98765
2069329,100377
2112524,1087461
1944231,104161
2068777,105381
1941148,2047739
1916491,100014
2068566,102813
1916669,96853
1941143,2046875
2068569,101968
2067667,104839
1931795,94849
584305,1084132
2071027,102519
283835,98661
2200292,102526
283895,96756
2067445,95400
2132639,93902
2088719,102386
2074629,100372
2067919,95346
1916490,102009
1939225,97244
284566,103130
284590,97283
2067607,102668
2270639,104599
356508,102089
284688,1084123
2067300,1084123
2067989,103072
2067294,100954
2201744,101625
2067672,101168
2066438,99477
2067335,100012
2066422,1084151
2200293,102518
2067287,96283
2067749,99731
284184,956621
2066586,103839
1922136,87969
1931705,1086561
2067283,101515
1925938,1884169
2065484,105900
2268124,95594
2065565,98845
1929544,105624
2081983,97015
2088623,101764
2392500,96200
2065119,104053
1933027,98269
2087027,96772
1948502,1723406
2114684,101160
2051273,1092157
1915120,1090539
2383241,104593
2748274,96372
2748219,97318
2748603,1090222
2077208,1094217
2748525,94918
2748229,102410
2748200,1091021
2748206,96280
2678737,2685899
1914695,98905
1917668,104015
2111284,96406
1919683,105497
584276,104325
2201304,96686
2056631,103323
1951553,103388
2274361,97163
2270115,99596
1917574,953477
372636,100431
2082991,95561
2056512,103510
2116050,95458
283041,96910
283263,96749
1947736,98423
2051246,2026631
1923447,2045760
600290,954718
2749279,98209
2081348,93633
2074839,105083
2107203,98921
2202930,100676
2119692,96200
2113968,104636
2111229,1847165
2272535,949542
2194418,2137894
2077701,1086900
2114057,95206
1938684,103262
2111173,952654
2384816,97467
2104708,93286
2382583,1087179
2258103,1091001
2069433,105963
2270153,958083
2270038,958083
2270156,958134
2055682,1894219
2270128,104910
2391640,97164
1949006,104632
2054610,102885
2093841,954688
2392969,101718
2077120,1083210
2274031,91455
2196793,953925
2053121,2028454
2270104,958514
2384865,1083173
2384871,1083170
2270110,958520
2270111,958512
2270112,103252
2066526,91464
2270119,958520
2384876,1873550
2083109,103089
2384878,96253
2258919,1100459
2384883,1089439
1941643,2020678
2200220,98339
2065733,1087163
1912900,2038578
2270201,91941
1925030,100092
2051770,99910
1915767,952870
2194243,97355
2270238,2683697
2270256,90634
1923842,100380
2270262,90843
2270263,958254
2270275,955243
1916953,1084769
2065027,99292
1927890,1084751
2270123,95473
2749262,102406
2748302,2683865
2749263,105472
2270161,958083
2749293,1089503
2208203,1090303
2118849,101814
2069984,1086855
2386483,102125
2116497,103750
2196018,1086854
2083703,104380
2386500,97193
2386502,103608
2072050,105302
2257735,99431
2067780,101778
2268033,103960
2386516,99518
2386549,100739
2386560,99380
2386576,97321
2386581,100739
2386613,103437
2386621,96544
2386653,953607
2386664,95517
2386665,951709
2386666,100667
2386678,96839
2386689,1100464
2071411,103426
2386702,102209
2094503,98408
2386709,97464
2089126,105929
2386716,96491
2103309,1866382
2386733,1090767
2072074,953533
2117459,1952589
2386774,1884033
2090257,1866380
2386779,100022
2386800,102873
2067594,103735
2071923,2031061
1949494,953310
2196769,1091020
1919258,104317
2071795,105671
1924220,101860
2066181,1087500
2056590,1884050
2383239,2685860
2070020,2024949
2071432,1891164
2071500,99954
2071536,100902
1943081,100576
2071606,103625
2069667,951737
1943079,100560
2083262,98884
2072033,99544
1943083,957314
1916369,951743
2117447,1090926
2386933,97076
2386963,102714
2392543,102221
2671310,102169
2196053,958508
2671277,1089583
2069411,97817
2067313,953254
2116472,952562
2117426,100898
2393254,101750
2273803,105154
2196187,953152
2671324,98648
2273210,1953514
2196298,1090768
2076676,958521
2068309,1087720
2071185,952240
2196949,97126
1918921,951842
1939262,2014017
2070694,1091087
2070659,96305
2671345,951698
2070662,2683631
284663,952722
2120195,958086
2197834,953252
2070711,954655
2070716,954717
2065927,1883977
1932558,1090737
2258237,2137841
2391705,104995
1924215,92941
2070472,101673
1943477,1087568
1946302,92969
2119379,92272
1940615,2684907
2070878,955011
2077903,1094213
1944309,1088966
2274013,958627
1924250,92896
2202150,94176
957649,954862
2070260,95337
2120136,954472
1945426,95327
2750073,958624
2120140,1086929
2119371,93861
2082814,1091088
1945529,95235
2680586,2682599
2258477,105575
1945530,94869
2070181,94628
1935620,93612
2070266,95330
361463,1090003
2116344,1087461
2194446,2137898
2113982,1084701
2104581,1086989
1927885,1090542
2387685,1090985
2066195,1088165
2066229,92174
1949995,105070
1945412,954258
2118346,102327
2387722,2028188
2387797,1854356
1939629,96926
2069831,92937
2069091,102149
2387733,105771
2066401,2685886
2066299,2685885
2066373,96599
2198114,1953948
2750012,2685792
1938008,1085972
1941188,98995
2196171,98995
2069833,2029254
2104555,2019951
2268517,104446
2384122,101120
2069536,102837
1950307,101137
2671201,2685928
2197641,102941
2077830,94750
2077831,93722
1920188,98947
2197635,1091755
2197647,1090734
1938145,104209
2197636,103590
2069561,1952569
2055663,2011433
2197638,1090731
1950811,102533
2069045,1084193
2104715,1084694
1935027,96309
2196866,95001
2196425,98799
2088490,93996
1935035,96309
2069160,955233
2053369,2012692
2117346,87473
1929423,93003
2054883,1083165
2054884,955235
2068978,92052
2196813,105337
1922925,103322
2273984,97336
2117339,1884006
2069003,955012
2068606,1090399
2196956,1091524
2068871,97433
2054186,103958
2068306,101451
1948047,93605
2068666,104904
1946797,2028208
1946798,2028205
2068752,92534
1914897,1895154
1927583,954084
2068753,94735
2068743,2040952
1934485,102622
1948040,93853
1933115,1084228
2069309,104757
2068708,93415
2087257,92059
2068750,95285
2132770,92777
2117283,1094922
1915339,115926
2220193,94915
2065821,1852807
1948043,94857
2077156,100289
2068697,93086
2124657,94821
2065200,94043
2065824,98534
2068166,93191
2197626,92544
2065827,96259
2068575,954205
1947613,1089442
1947604,1083239
2093274,1083161
1925531,94396
2067093,2147150
2065862,1090877
2199255,1083185
2194532,100719
2077047,93727
2196732,91510
1921641,91415
1918641,2682483
2068891,93833
2120923,104374
1931784,104594
2194012,91321
1931692,103443
370401,1091951
1931719,96767
2127768,1088963
2066048,954901
2067658,104436
2067821,104664
283620,1084152
2068385,97305
2067655,101862
2068950,94926
2196170,98995
2083243,103622
284575,1084131
1931743,96989
1931794,101823
2067963,1084131
1931779,99124
1931694,102732
1918914,95878
1933116,93745
1931715,101152
1950094,102009
2067230,94923
2065110,96792
1931711,105379
2068631,87926
1935032,96244
2066253,87868
2065256,87887
2387581,106694
2110330,957323
2392765,1952574
2391658,87600
2110169,88161
1946301,92293
2194176,956511
1922927,1090443
2080971,1084167
1914313,1703383
2678858,1084172
2750532,2025644
2082617,92676
2673320,955079
2093513,96204
2200285,1892959
2106998,953291
2196040,952516
2055398,2683639
1924235,1090630
2065928,97154
1920349,102191
1920325,953148
2065431,105374
2067956,96560
1952194,100080
2194042,103973
2107092,97047
2066603,96260
2194016,958576
2194608,99507
2065593,1952589
1929578,951864
2196066,100871
2066001,953333
2068299,2157018
2065940,953371
2196423,1090654
1920346,100430
2194609,100550
1916707,1703513
1925804,958521
2052107,98240
1950611,1091549
2066594,952403
1931695,103756
1931790,96957
1931688,97053
1931745,104053
1945420,954202
2393229,2683790
2749992,2685791
2750072,954810
2392810,1091020
2197010,954965
2197991,87758
2383233,952897
1924829,104024
2071931,104342
2113214,1086120
1952158,97268
2083414,2682163
2056505,2685967
1951632,103633
2056071,105589
1948972,104545
1951739,97577
2384750,1703516
1924837,104024
2116063,102950
2380665,95498
1939220,1086844
1924842,105758
2384761,1703515
283052,951657
2202119,2029806
2052474,952359
2199172,1089601
2090025,100889
2071082,1884946
2055457,952031
2055468,102378
1946199,958591
1941892,953800
1933535,954921
1942472,94789
2113141,93844
2055133,955024
1928712,93288
1950603,103560
2112519,1092038
2077492,1087379
2113978,1084587
1919228,952980
2053529,2012695
1923553,1086934
2053280,953590
1927221,96992
1933383,102597
1925401,2682598
1914898,105813
1943353,104452
1941712,92669
2387791,98240
1942413,105473
1917684,952485
2106966,102108
2055053,105073
1939596,951923
2686042,1089531
2055692,1089484
370787,104612
2055652,102839
2077357,96200
2113185,954688
2103013,954694
2069400,104787
1917467,105797
2055159,91976
1949123,104225
1920571,953179
2268065,1086070
2054115,95518
2383828,1086032
2054745,104667
2113162,1086005
2087753,101943
2054454,952972
2093762,94199
2070189,93316
1949821,105685
2052968,95564
2384851,102325
2054187,95870
1919079,94439
2384870,1086261
1926240,97429
1939627,2028188
2119660,102408
1939628,96926
1920297,94570
1939631,102327
1939630,97974
1921637,91296
1922683,1083212
2067741,96056
2052599,91640
2055645,103031
1924970,953469
2066435,103046
2076975,2684667
1923465,102947
2052666,2030617
2053079,96468
2056274,1094928
2052954,104736
1931734,97045
1922716,1084085
2067319,103899
1926266,105443
1922681,1083158
1925099,1091429
584275,103301
1916279,99130
2051681,101157
2051518,103412
1921293,105087
1912961,97199
1949003,103813
1949011,103820
1918642,1090277
2051778,99410
1941147,2046874
2051671,100868
2051433,1084172
1948049,94954
1935039,105564
2113136,95937
2076795,98092
1951617,99800
2080910,954673
1917468,101817
1920767,2685864
2113134,95914
2051224,104846
1940392,951736
1940393,952614
2055395,102006
2052936,953657
2068917,97181
1922212,954261
2074645,100851
1927912,99626
1914782,954019
2056196,92246
2056532,104226
2075076,97329
2195989,1087576
283237,102687
1931972,104635
2076736,100829
1940985,98250
2069368,102019
1924861,96362
2392477,96617
1924382,102454
1921377,100689
2078168,105823
2671156,96034
2055109,951911
1922996,104417
2269404,105444
1924834,96534
1924860,96733
1918943,101640
1949415,1882672
2257772,2685835
284209,2031061
2083595,95860
1921401,104318
1924801,1091257
2257839,2139118
2392487,96034
2090329,103485
1914693,953834
2392491,105444
2386835,952700
1949976,96248
2386849,105283
2393200,1163192
2386860,105283
1928074,2685790
2257830,95879
2054938,105259
2069998,2685879
2071960,1086573
370464,98895
1929583,96364
2386906,96144
2386915,105283
2392522,98894
2102957,103809
2054306,101970
2070072,103070
1924125,98365
2071707,952391
2072045,97348
1924411,102047
2069632,1145521
1928995,96144
2071730,105824
2069301,952615
1918595,1892969
2069655,1145520
1921440,951938
2083412,101050
1929613,95540
1921260,98023
2069572,99416
2071714,97091
1931365,96361
1917401,98130
2260244,1086574
1923408,1086161
2056160,105669
1922271,96104
2072009,104662
2257945,952211
1951474,104580
2056522,102527
2071493,1952580
1944990,2685833
2078112,99881
2065447,1952576
1950848,1087581
365139,104381
2070024,99020
2112725,1703246
2204105,960272
1931957,958559
1947964,1854370
2257780,98116
2120259,102476
2071343,101620
2257982,952142
1943576,102403
2196295,98808
1931898,953568
2071387,1087580
1917403,102863
2071371,953953
1912352,1722511
1943469,101044
2070070,2034263
2120243,104160
1942415,1883970
2260320,98619
1943590,95654
2071512,1170890
2071481,1170889
2071504,953606
2071648,1091022
2071563,1953951
2071605,100894
1931903,952042
2078185,102616
2257994,102967
2071246,97134
1921266,101695
1930246,102539
1930053,105649
1914697,953887
2110385,1089582
1921264,97242
1945991,101770
2069987,1883971
2104756,104447
1918959,2136577
2257776,2682299
2214199,2682255
2382428,102880
2268068,102659
1949577,103750
1927091,98614
1948739,100095
2071634,103615
2199132,98407
2071557,1953950
2115199,1894590
2056024,101192
1916365,951666
363556,1089584
2194078,95710
2194099,97189
2081691,103089
2076977,95867
2196790,100408
2200941,951841
2119366,952145
2386960,1084216
2123724,951815
2107240,1091257
2074944,101376
1941203,953175
2386976,1084216
2386987,97701
2194090,2682548
2383230,2682233
2392560,105930
2383519,2683910
2387042,101696
2671274,98490
2387074,105152
2392570,98490
2269503,103213
2194092,95623
1915189,102949
1947993,103064
2103246,101741
2194063,953919
1912839,2683593
1919724,104356
2194104,104084
2387142,1089583
2196783,103800
1917117,1866129
2200706,1719498
2194091,100221
1925109,100323
1941984,951808
2387205,1084216
2070731,1094952
1915445,1089423
2070790,1858036
2077977,96650
1925283,104453
2124692,1858041
2070017,96830
2080912,954869
1918786,104033
2070761,958173
2082895,93214
1947729,96791
1951836,104387
366589,958560
1942465,104800
1923419,96869
1920328,98396
2387437,2145228
1928371,953771
1933534,954922
2119953,953072
2383301,953146
2055615,93231
2127643,93082
1940342,101937
1920694,97583
1920693,97656
2070485,93074
1940613,2684906
2055194,103112
600028,954802
2076832,1890176
1923988,92382
2197975,98731
1946323,92910
2074806,92316
2070374,1703249
2118974,92837
2124729,1953521
2258297,1953527
2196859,92132
2131987,92079
957656,101537
2070319,954951
1941727,954947
1912476,92844
2070358,1087549
1939309,954008
2070194,954423
2089512,954815
1944346,92613
2070370,1089351
1920576,1084639
2260497,952548
2053424,2012710
2074678,1084639
1912023,105860
2194105,2683706
1920538,101511
1944232,103775
356484,1084753
1920539,1090123
2077700,953586
1920793,952202
2077406,94779
1948319,105314
2053282,103263
1923565,103560
1916961,1084586
2053411,1092029
2077629,1084586
2053228,103560
1914861,953305
2194427,2137902
2708276,105970
1935092,1087385
1948489,105368
1923977,1084672
2269563,951697
2258636,103944
1913121,102569
362063,101359
1944230,103338
1927909,97074
2077643,100899
1945924,103998
1927253,98010
1920880,99693
2077628,101467
1923547,103263
2053477,1087391
1942158,104604
2269569,1090516
1924651,1847174
2384819,1884024
2260526,958585
1914646,97884
1913113,95874
2203739,1084722
2119571,102118
2070207,1090331
1929265,100157
1921408,97344
1923004,104395
1916173,1083963
2268114,103572
2123107,102800
2392876,2683682
2068311,98092
2392882,2683682
2196315,103253
2105863,98035
2673205,98006
1932920,102165
2382555,1086252
2087605,100555
2267634,952743
2387816,2683899
2387847,104086
2384152,97998
2387874,2683899
2066396,1086252
1940426,100917
2383313,104550
2383314,97397
2081384,96530
2383318,98986
2197882,102977
1923903,91875
2054952,952714
1938161,98314
1923897,92730
1924792,92938
1921564,104575
2124861,98102
2077768,2683921
1940428,100919
2196304,2683920
2065660,1086251
356592,98000
1940412,951936
2069663,1094923
1918977,103464
1944704,2028446
1933026,96808
1939984,96536
1938529,101231
1939981,101960
1935436,958615
1939982,96482
1919070,1875300
1919993,105597
2260682,958017
1940569,1090920
1941159,2683564
1939989,101960
1920189,1089494
1943203,102959
2054298,105074
1912064,101960
284766,105374
2069468,105322
2258772,2682328
2055644,97663
1913200,953628
1926079,94259
2077799,105865
2751213,1089534
1938190,104195
2196322,96475
1921382,96302
1941627,98321
1920709,100911
2673168,98240
2262924,102459
2069409,102324
2051633,92802
2197754,955030
2194573,102798
1929014,91811
1921392,97203
1929025,92506
1930784,91773
1929013,92988
1926139,104148
1931380,98849
1932588,101621
1926151,104148
1932582,103751
2268388,95909
1921394,102713
2260549,96644
2260545,95918
2260546,103964
1930543,91726
2069229,98495
2087646,100561
1946969,952779
2202950,952412
2065960,2143985
2117925,91670
2274349,952539
2114722,95732
1932602,103604
1941186,98995
1920589,101514
2054665,1086070
2068940,102178
2054700,955049
1927183,99621
1918791,100332
2071717,1717962
1922312,102054
2119548,102266
2068794,96479
1912034,102266
1912539,1086069
2112624,101232
2116024,102266
2055610,954704
2194097,106007
2194098,101311
1922313,952539
1940308,952331
2068793,104655
2068373,93300
2114694,98513
2131930,953669
1946471,952285
1916180,99629
2087614,99868
2252902,952474
2114697,951919
1924784,104962
2069294,105605
1920221,96650
2196847,101589
2068696,92359
1948046,94806
2110252,100014
1920294,94907
2069183,93103
1933118,95023
2054221,95862
1920302,954051
2068647,95862
1948042,94342
1926508,102656
2274370,102506
1920229,96650
2054194,94524
1930413,94587
2068710,93051
2116394,2034532
2054224,94581
2257929,97245
1927580,2011570
2069535,102959
1913642,954510
2053781,2024944
1913641,954427
1915173,100438
1912463,92472
1941695,92607
1941700,954927
2119546,1868770
1918763,92079
2107116,98431
2051800,100838
2053687,101974
1941726,954945
1925077,105863
2065832,102156
1925052,100040
2258331,955042
2087637,104464
2068185,92423
2269592,97418
2194503,95960
2070328,92347
2269455,1089433
2269456,1089429
1917367,1083196
1917369,1089434
2196645,1083236
2052256,1089438
2124751,104741
2196104,1083167
2257922,1089428
1947607,1089437
2196087,105714
1947609,1083236
2067104,92592
1933540,95068
2258819,955154
1924342,93777
1939267,104765
2071242,103120
1916748,99616
1947026,87483
2070874,958501
2267655,956578
2392978,92611
2124621,96002
2120190,87734
2258394,955038
2087568,956577
2120906,1871387
1916508,92429
2200208,955041
2102824,1725310
1920583,101521
1916505,92430
2066224,954170
2067512,103874
2067635,1091043
1915803,91405
1924026,105317
2067771,101782
2071316,100872
2070267,2011594
1924507,102612
1932897,1883969
2269434,1894215
2269435,1894214
2113548,103717
2116055,100362
2269443,953573
2087761,100720
2261383,2047734
2067637,99516
2067520,95411
2066065,2157028
2067555,105931
1945505,1091235
2392974,101350
2272779,101347
2066230,95731
2197985,103729
1924692,105350
2067781,105100
2199680,98268
1931775,96232
2068210,102971
2197994,91943
2077795,1883971
1946781,954124
1950093,101798
2067165,91936
2078084,954496
2197993,955040
1921400,951949
2110234,100426
2196079,98316
1951340,1086106
1943437,1090482
2392605,97116
2113918,97247
2272577,953828
2387460,99653
1915029,952078
1917402,96375
1941945,97009
1921380,104252
1931187,95475
1947959,96563
1917457,92939
2087656,97811
2051000,951891
1921398,98179
1945481,98581
2194036,951690
2076760,1084780
2066236,1726375
2067777,99276
1938011,93150
2068560,96741
1912495,105557
2055612,953566
2089432,97165
2393011,97999
1925287,98510
1925281,98511
1921397,96034
2200938,98801
2194019,2683628
1948520,953145
2053515,1084521
1929280,103750
2055406,97726
1926148,105184
2052841,1726376
1919230,1722471
2071307,95805
1921407,102516
2065327,96633
2065015,951655
1941836,1895462
1923639,951878
1948039,94188
1932992,97113
1916962,98670
1912980,101176
1943278,99392
1941648,97468
2076750,101179
1925883,105996
2051008,104880
2257841,951655
1914876,1087424
1913640,1089232
1916948,1092026
2065172,98494
2751022,2685967
2751186,92106
2673224,953328
2124652,1145522
2751024,103652
2393318,1090663
2052775,104662
1940986,101544
2083593,105401
1924232,105468
1924862,104342
1924845,96414
1924854,96331
1924850,105598
1924855,98377
1924389,102454
1913587,952674
1943303,99431
363623,98899
1944303,96833
1924830,102291
1943354,98115
1934316,95916
2052755,104662
1931983,958184
1916980,951709
2071922,2031060
1934317,95889
2069565,102749
1934310,95786
2090262,104379
2090253,102454
2090263,105604
2069653,97160
2071924,1083383
1924853,1090624
600087,951891
1924782,104964
2118841,2031059
1912827,96071
1914362,102045
1924781,100244
2052771,99071
1912836,2031059
1914692,953839
1926842,105023
2094593,105409
1916929,1703399
356374,100287
1921372,104100
1921386,102286
1920417,103457
2070051,99386
1923815,105764
1923818,104068
1939849,1087573
1924636,1162351
1921370,104268
1923814,102388
1940102,102390
1940106,103534
2068045,105708
2056421,105909
1919980,103649
1919984,101934
1928342,104539
2115645,952472
1940124,952107
284774,1083423
1941616,105262
2393210,96212
1945485,953335
1921271,97906
1927458,97766
1916918,99000
1924859,103311
1924848,101745
1928294,103488
1921307,99499
1921437,102008
1921325,951941
1920931,953102
1930714,101720
1925983,104166
1921410,97903
1949601,95464
1921316,98926
1934453,1091937
1920681,103850
2072003,100534
2056310,1847174
1934452,102384
1921442,101874
1934429,97920
1921336,96061
2054112,104123
1930202,95508
1921259,951942
1921441,101816
1924129,98365
1921350,95813
1921274,97901
1929809,97785
1944804,103571
2260717,99715
1930058,96359
2127530,104341
2056153,94584
1917359,953256
1928338,92330
1921291,95920
1921433,96666
1921360,100503
2257866,96435
1931755,104917
1927435,95451
2747742,1953529
1920682,98720
1921414,97023
1941830,101554
2056117,100507
2056583,102573
2052783,98123
2051475,100520
1941415,1090928
1941761,952035
2088512,95950
2052656,952303
1948946,96978
1924833,95921
1949169,96843
2071270,97224
2056586,102572
2071424,95440
1921416,105025
1943236,96641
2071345,101620
2056361,102440
2071367,1086773
2071492,953312
1943316,98107
1924207,104963
2071530,953604
1929438,100177
1922762,951912
1928687,1891165
1928660,951966
1920935,100593
2054436,102371
2068790,98438
1924120,105401
1947755,96163
1927098,99336
1941760,952077
2052644,100316
2052590,102879
2116466,98232
2384739,99801
1934464,1090628
2393227,958114
2269484,100362
2383266,1854365
2202094,2682217
2393237,100389
1948008,102423
2383229,2682232
1915435,95576
2393241,102221
2212560,952145
2387047,100880
2382429,1894584
2387056,952981
1923800,1089568
2052494,96236
2068791,95947
1941207,953175
1913536,1090057
1923767,103135
2071137,2683906
1916442,105457
1916441,951739
1913535,1090055
1931998,98828
2392581,102205
2071062,101718
2052616,952663
1915448,958164
1933500,1092010
1915383,953227
2382465,952911
2111282,1090766
1913065,98694
1913542,98405
2387184,1089568
2387185,102937
2078040,1091810
1918788,103086
1931016,103068
1920033,104511
1924168,1087551
1918927,105471
2052526,105630
2052506,95933
2052476,104145
1941899,953800
1918920,951854
1918919,951863
2260360,98704
1941900,953800
2078049,100779
1939151,1091078
1919842,96207
2268475,2683815
2078013,1703236
2274378,2137837
2392563,96848
2273886,2683958
1917089,99552
2070787,99595
1933418,2024952
2077393,953728
2052501,953918
1917553,103252
1920239,2024950
1925374,102297
2268555,1089597
2070791,1089978
1923775,103006
1947960,98602
1928510,100190
1914595,104912
1942159,1084773
1929124,1854360
2119360,99829
1941907,953799
1932141,953431
2055721,101011
2387245,99776
2052478,952676
1939148,98730
1928238,2024953
2070818,98884
1928237,2024953
2055986,98473
1930903,99297
1931586,103241
1931580,96418
2055628,953100
1947734,102966
2070570,102289
1920240,100341
2055407,100608
1917057,95758
1931947,101936
2070762,104909
2118377,1090226
2258074,953802
2055616,97428
2055624,98665
1931590,102293
1925286,104387
2268520,953780
2055570,103563
2055521,952669
2198094,958570
2113183,101936
1923440,1090245
1923434,1091443
2055470,952385
1920341,102191
2258219,1090223
1952195,96214
2199178,2682562
2260432,2682339
2218015,100430
2198102,2682325
2262904,2682310
1931954,958560
2198103,2683629
2198097,2683639
2258129,953779
2103173,96869
1923421,99249
1923424,99249
1946966,104275
2258142,953467
2055609,951708
2055602,952722
1931588,952985
2055463,102991
2258152,953481
2070565,953070
2055621,952569
2070753,105572
2055404,102289
2070571,1091998
2070699,104387
2070712,104399
1925284,104399
1931948,99113
2260421,1089474
1915101,954636
2114089,1088476
2055590,98450
2270643,104355
2055626,98356
2198098,2683629
2196861,952917
2070573,96768
2055471,105217
2077942,104547
2055554,100587
2066039,101919
2387433,1892982
2387573,953815
2203701,98145
1924219,92595
2113568,2125185
1943357,103184
1933007,100193
1940651,104218
2258339,93223
1929177,91837
1923901,93070
1945597,87483
2055439,105293
2119268,1849174
1952044,97556
2055165,1091785
1942967,105257
2258299,953449
2069652,2034256
2055201,97080
1915510,93201
2055188,102987
1916785,92899
1915079,103594
2053414,105767
2070350,2685984
1949441,102234
2094054,1088471
2053267,102105
2274403,101937
1929088,96557
2055499,97062
2070692,92827
1916787,954630
2258267,95066
1928554,93308
1927336,92146
2052034,93053
1924252,92924
1930400,94878
2056324,94726
2070258,94773
2070183,93603
2070332,91883
2052800,1090836
1914917,94534
2198730,952159
1926726,1089222
2055093,1089216
1917839,95283
1916394,88979
1914975,1089040
1930564,93431
2052947,95232
2070270,94129
2110235,92669
2065243,93483
1937751,1090837
1946830,93803
1929894,94380
1927591,93714
1948036,954333
1929104,95218
1946774,94085
1929782,93338
2070176,93387
1946800,95202
2070248,1953511
2196874,954008
2260470,92247
2069022,95046
2070344,97920
2068961,954125
1922246,94843
1939696,95233
1922199,94081
2070265,2011596
1922248,94130
2392780,954926
1941714,92112
2392781,954861
1945522,1088820
1923461,1086938
1943457,105488
2054997,1084663
1914852,104570
2067101,1090652
2070086,94751
2077037,953959
2203631,101212
2258519,949341
2112460,1084665
2260499,1086991
2258441,1086995
1927884,1090542
2065728,1084665
2260501,956813
2053516,956831
2221586,952970
2382537,1088685
2081466,953904
2053496,1872712
2074679,98605
2055614,1091089
1922213,93663
2260503,956813
1941649,99728
1927194,1726436
2272520,953884
2203507,1087462
1920549,97326
2053510,2683848
2219994,1726416
2260510,1084726
2203773,1086900
2121268,2683723
2272531,2137842
2203713,101243
2070088,954200
1946257,1726386
2203634,104196
2077716,99728
2260515,108009
2117905,94338
1916959,97140
1916954,99677
2070094,93525
2203778,949750
2203718,104104
2208206,1090005
1920575,953034
2111217,1087295
2055011,2021658
1912444,97761
2203530,100108
1938797,953050
2197895,2137871
2203639,100356
2194395,2684856
1915132,1090516
1918852,1848322
2053490,97760
2203724,2015000
2260534,101248
2194319,107997
2203641,100413
1949402,96598
2093300,956831
2053419,1087021
2258504,2028443
2074783,951952
1925389,1086977
2203734,105615
1943529,952593
1932626,101603
2203792,1084715
2074759,1084367
2070090,954125
2055004,96771
2194261,1087035
2077533,98252
2203644,97389
2221576,1084715
2387680,95275
2069761,954023
1927234,97879
2053486,1163178
1932623,2012732
1915127,1090516
2053438,2012730
1925394,1090524
1926836,103819
1915211,2145224
1939865,102592
1928983,95812
1925400,1091759
2077694,950132
1930814,95495
2077572,1084762
2083698,104685
2260498,100343
2384782,105095
1931025,96118
2117509,102160
2071769,96571
1943097,1090544
1941652,1086982
1920577,2045347
1913127,100993
1913124,105926
2053511,2683665
1920574,1084754
2064159,953032
2124811,95914
2384794,103267
2384795,97445
2384796,97445
1912787,1868781
2118848,104789
2118845,104535
1934700,105172
1915129,98687
1920878,1084403
1929691,101880
1945584,101785
1923978,1084671
1937903,101534
2077479,952323
2053291,97280
1918840,1087171
1918831,953599
1912450,105246
1916952,104198
368774,100553
1920542,1087438
1927173,105245
1920794,102276
1935090,97386
1939859,2034263
2054992,102282
2203722,100381
1926690,1084583
1948490,104402
1918826,1087416
1923549,99744
1927237,96990
2111227,1090008
1917694,952485
1927181,105144
1944396,1087379
2194286,103998
1912031,951939
1923462,1086973
1942107,99142
1927189,100938
1935354,2040953
2054549,105238
2118850,1086850
2384821,1089648
2111226,1087413
1927167,96740
1920546,101519
2203525,1087458
2203741,100346
1938273,99656
1927125,98605
2203795,1087176
1921353,102231
2387684,92913
2118599,92913
1931096,105601
1921399,103349
1946167,93159
1946161,955093
1927445,104863
1927428,104791
2387657,92913
1946460,102344
1920031,95286
1946159,91935
1946168,91977
2116035,1090978
1919617,1090981
2068423,94572
2387844,1087327
1947918,93304
2387679,93282
1940664,92011
1944214,92757
2387734,101084
361487,99515
2051930,97249
1921393,102713
2380626,105886
1943154,1085975
1925716,102912
1925701,96591
1925707,97460
2069888,104408
1940661,93117
2220236,953639
2387790,101056
2220238,1086251
1923889,91874
2051383,102818
2066334,103749
600335,101517
2258505,101246
1940424,100919
1925665,103253
2387885,2683681
1941177,1089457
1918524,1091020
1918784,95591
1918781,101802
1921375,95955
1921282,104224
599740,99206
2077413,2019951
1920725,104582
2052903,953324
1938524,101360
2053335,1087359
1943434,97250
2055669,1089451
367212,103067
1937764,93421
2382530,954353
2052308,101246
2053539,1087091
2052328,1087350
2052376,1087350
2103049,104578
1949996,105073
1939179,98471
2077410,93813
1923782,102183
1923755,97238
1943208,953923
2052597,97005
2082706,93456
2094504,101324
1939144,951973
1925557,954389
1939199,98470
1939171,101175
2260258,105680
2070110,954145
2196928,1086226
1935438,958572
1939201,100238
1941180,96436
1917361,105529
1914855,104502
1948880,105509
2054355,952402
1917579,93573
1920200,1089448
1939577,100782
2069529,102406
2055482,1089480
2077380,1090235
1920194,952395
1939585,102406
1919885,1089493
2069530,2048701
2269523,951673
2197900,2146620
2055204,95599
1948488,105368
2055351,958193
1932980,98509
2258138,953882
1912244,953123
1939587,100782
2055677,102750
2258144,953448
2077371,954688
1912247,102082
1920168,952586
2069507,99259
1935625,103831
1931137,95369
1944233,104146
1926876,96200
1916927,105887
2055686,104615
2198624,953074
1941318,952837
2055643,101403
2055674,958593
2069557,1086584
1945914,105896
2069522,953103
1940352,1089530
2054487,100148
1935433,1089528
1912243,104390
1939588,1089458
2055339,92153
2069523,92153
2054446,92152
1920534,97327
1917953,952971
1939583,102406
1939579,100782
1941987,100653
2258777,1089419
2055671,98883
1934729,92984
1923540,101914
2067110,96592
1929079,100215
2052949,103612
2052614,104473
1941088,102271
1950755,103422
1925102,959549
1932613,103503
2056096,1090930
2052543,96875
2052602,105855
2054429,101937
1932618,2014949
2051230,103580
2069279,1091707
2069194,93597
2197687,101937
1941998,104567
1940334,101937
1916433,105526
1933333,1089604
1938802,953043
1920236,101756
379346,2037284
2052535,952666
2066323,92537
2077348,97123
1939765,1086989
2387896,1092032
2054767,99180
1923414,100655
1920939,101631
2054765,105982
1928673,105387
1920284,1719993
2387902,952689
361553,1884052
1935398,1089018
1928766,105126
1921292,95648
1925666,104796
1931585,91794
1941617,105270
2386541,952414
1923439,105408
1921679,953178
1930414,94264
2124524,94677
1941997,95449
1918923,105658
2050999,96508
2089087,104312
1931576,104614
1923116,2026619
2102966,956401
1949401,100186
1921425,951845
2054421,97889
1925093,100686
2387917,952357
1924027,104520
1919690,96535
2053056,952505
1920285,103631
2054731,93056
1931203,96672
1930076,102427
1929060,1083381
2052926,96995
1921278,104207
1938534,103709
1921439,104137
1928858,91785
1917100,96141
1938532,103180
1920293,1719995
1930848,101158
1918796,98570
2069007,1085971
1920283,101009
1924623,1091019
2074832,2028447
2258494,105652
1927051,1090985
1933634,1083929
1914371,102872
2203517,1864951
1920579,1087422
1925127,99464
1933488,100358
1927195,99658
1924579,1091017
1930247,98197
2077260,101861
1928686,100998
1930030,102224
2068372,102173
2258352,95145
2118713,103603
1950374,104544
1930278,96497
2199389,96044
2117128,1087461
2069346,104471
2102921,94797
2054466,99256
2068817,100931
1946813,93689
2068825,96394
2273352,103901
2068878,104228
2258151,99821
2391524,99327
2102919,100932
2067628,101154
362385,105427
2391526,102222
2386740,100145
2054465,104421
2068805,101879
2068881,103535
1931849,102355
2258160,951758
2068904,101162
2391527,96997
2068923,100408
2068882,97655
2056032,952947
2088901,95783
1916363,96737
2127612,105881
1941151,102457
1920295,1090331
1925555,95352
2054515,99511
1950145,101754
1914573,103505
1939608,103659
2051853,106004
1915187,102989
2053719,1086250
1927592,2011573
2068269,101974
2258771,92512
2069437,93692
2198062,104853
2200071,97125
1941715,92178
2068258,101974
2102797,91671
2199238,99193
2268036,2011575
1925054,100005
2112471,1086390
1945629,1083199
1923252,951669
1915798,91397
1919347,91341
1928344,96115
1928343,104539
1923229,952404
1923241,951667
2066561,91643
1923271,1089596
1930118,2682468
1943463,92889
2258348,92502
1912032,92105
1915107,1086564
1926243,101939
2112540,1084177
1927049,954916
1933991,960380
2052409,98260
1921530,953725
2052836,112208
2110173,100847
2258063,954817
2067453,99528
2053084,98922
2056229,97235
1923821,2685929
1923808,2685931
1923480,102745
1929735,101623
2053199,98666
1923965,1086563
2067124,98793
2053099,2682172
2067534,102079
2392976,952084
2380742,96674
2051533,97141
1923269,952502
2258486,105694
1915864,958664
1930405,95367
1921135,101135
2391672,101135
1916283,96823
2082363,89265
2266580,90536
1918531,100442
957576,1086283
2266606,2684092
2260869,955680
2266617,90725
2268650,89497
2082747,90105
2051804,98772
1915475,105595
1924000,100131
1934545,100901
2383572,953233
2387484,1089477
1946598,952114
1917045,98538
1924330,103692
2266528,2684579
2065039,103892
2074567,2685838
2051402,99474
1932563,101552
2065307,87991
2051237,1092154
2051318,1089501
2260859,89357
2260815,89290
2260862,955681
2127690,2014983
2051418,951736
2051348,96471
2051391,1089280
379192,1089486
2194038,2683671
2269522,2683828
2260441,2147756
1923463,97637
2194626,93883
2382493,951690
1940070,91584
1918442,958613
1938540,98861
2258420,1086336
2065415,2683757
1927236,1086983
2051415,2029247
2194018,99490
1920166,2683597
1926944,96758
2113908,1091550
2050940,103557
2066375,103531
2076664,103732
2050982,1875947
2050935,99322
2065022,97213
2197832,98244
2092705,97510
1927152,102199
2194031,99045
1927207,99655
2050973,97002
2750143,1090222
2747741,1953528
2120950,1091538
1919251,953563
2103187,95758
1932007,102373
366621,103627
369582,99455
372386,95451
2059266,951046
2072506,2684868
1919936,111366
1926094,112682
1947552,108736
2215718,1703258
1934731,115570
1912211,950396
600095,112657
375371,108732
1940737,112158
2252595,109241
2084846,112839
2084029,115756
1946080,115756
2084826,113189
1946098,951125
2084713,109919
371105,111536
2104809,951502
2084805,110017
2084003,108978
2056850,106434
2084840,115602
1919491,107719
2083725,108137
1915920,1090679
283254,107917
1919963,110025
2057587,114292
1946066,114297
1926212,112633
374402,115027
2059200,113529
2127357,1092120
1915674,114603
373715,950843
1913758,115602
1914984,950065
2272061,948861
2120511,108568
2084816,106248
2084000,1090676
2131727,112908
2252761,106458
2058100,2684678
1947689,115782
2262629,1872728
2057790,112649
2058974,114603
1918187,107726
2215696,1090186
2271020,107332
2215823,115084
2123729,107968
2271041,109159
1919448,114752
2215727,1090186
2123738,949460
1919922,948907
1950802,950847
1951808,108738
2252623,1884018
2096041,2017821
2230803,110446
2267024,1090081
1950340,107345
2058924,109901
2267218,950874
1914989,107684
1934703,113817
1912084,951055
2272223,114603
2252549,114108
2215695,1703257
2072107,114603
2215881,949312
1919449,114752
2215677,107371
2271040,109157
2215827,112803
2215938,114473
2271193,948620
1951687,950006
2380999,1090199
1945790,950139
2115350,107684
2115354,107684
1914654,1092070
1945791,950139
1940755,111487
2384044,951139
2057590,113822
2057644,948685
1948704,115434
1939731,107009
1941448,950362
1913754,108256
365066,948890
2095902,108392
2259637,108561
2057092,115529
2058009,107471
2123712,948623
2059219,109481
1948499,1090201
2195426,114134
1939740,957970
1937705,111648
2252588,2017822
1941438,1090096
1934702,114556
1923516,114182
2202122,958070
1937708,958070
2075215,106461
1951811,108281
2058948,115257
1946847,106650
1912574,108966
2058971,114603
1951772,108869
2072776,949025
1945554,106879
2057433,112601
1946849,113670
2057542,115626
2075098,108413
2198635,2684844
1951681,106650
2267920,115764
363785,115781
2268972,1090680
2271544,1703258
1951689,950006
2056723,107421
2057729,112816
1938669,112872
2059033,109289
1913776,109439
1914996,114368
1950807,108735
2252637,948854
2215672,107962
2058965,112995
2215681,108413
2215898,111687
2215921,115209
1950242,113240
2058954,112123
1946061,108866
2057507,113375
2271095,115209
2271287,1089974
365953,107345
1912087,109711
2113235,111382
2123741,106443
1947098,107863
1948247,112723
2058039,2146623
2090620,107471
1948697,113901
2084161,2159265
1933050,114311
1914833,114628
2072789,114603
1938217,108162
1948702,115434
1919953,110025
1941796,1090079
2057850,115564
1919930,110069
1948417,1089561
2058065,108179
1915955,1089547
2057758,950196
1939719,107662
1914827,110023
1939782,114258
1914805,114137
1914810,113139
1925172,951445
1919964,110074
1915019,114189
1948318,107374
1920994,950770
2058032,948540
1913840,110002
1945561,114127
1914835,112669
1926095,950940
1938220,951532
1940732,112158
2380982,2684790
1920261,109890
1932054,108732
1946225,108869
2058027,948137
2058583,108424
2072452,957975
1913832,108948
1948464,109477
1939733,1084298
1913836,110042
2078308,114434
2058066,106458
2072446,957969
1913761,115602
2058731,109141
1933101,949915
1941791,1090079
1935600,106997
1938215,114812
1946065,115373
1914985,110278
1914993,113100
2058099,113260
2059228,1866378
1913757,114077
1934732,115570
1948467,109477
2057614,115536
2058109,114652
1948706,106436
1920997,950771
2059227,950367
1916764,951155
1913812,111685
2075115,1091977
1919939,111366
1914820,107169
2057932,114053
1912380,109299
2072343,114826
1926004,108063
1948415,108987
1948413,108991
1947548,114659
1921216,110140
2059248,950367
1948260,112700
1939747,114885
2057595,107234
1934937,115465
1945562,111519
1947658,112816
2058105,2684678
2059221,113260
2057926,115602
2057646,948685
1946109,113421
1919711,109858
1926175,108735
1919710,950676
2072486,950934
1941805,113375
1913798,2684653
1932060,950193
1948431,114652
1947555,107836
1948459,109471
1912086,1872728
1944339,111174
2059213,110271
1926164,950848
2057721,106461
1933048,115303
2057775,1883990
1926173,950847
1932069,108829
1913786,1722519
1932049,106357
1946082,115756
1914987,110278
1946882,950006
2083974,2017824
2057788,106408
1947556,108281
2121762,1084261
2084813,950866
1950801,950847
2123721,108410
1946089,1090671
1946092,113853
1939784,110843
1948418,1089561
2059240,107471
1945777,114441
1935595,114909
1938219,109180
1912088,950261
1945543,110268
1948465,109476
1946104,113651
1947551,108737
1926176,108735
1946081,115091
1948468,109476
1948471,950843
1914824,113224
1948461,109475
2252573,108410
1935560,110208
1945818,107536
2058123,2159265
1912212,107443
1946649,948188
1914460,950733
1940730,949025
1913843,108988
1914424,950733
1931939,2682433
1946094,950051
1912580,112617
1920904,114301
2123715,106464
2271171,956802
1913835,110002
2057605,108170
1913743,950863
1913736,113012
1913654,107361
2072115,113150
1947655,112816
1923192,106248
1913675,1090185
2056856,113150
1919487,108357
1913731,109381
1944335,110993
2057720,110127
1941787,108323
1913749,109440
1915369,1084252
1945559,112995
1948677,114446
1926403,111342
2057429,112663
2056721,108360
1914627,109342
1926093,114937
1948086,1084267
1947097,107863
1946891,950006
1938218,108743
1941452,114259
1914995,950575
1914983,950577
1913741,950858
1944593,1084261
1913809,948872
2057481,114964
1941455,108061
1935727,115272
1912358,114587
1918152,2038568
2059250,110203
1915948,107219
2058104,106450
1946084,115756
1935596,113300
1941433,109592
1912089,2037281
2083835,108983
1946848,108704
2090622,108965
2121659,110993
2083943,948682
2084854,113665
1946102,951139
1926163,950847
2084615,108357
2105324,110335
2383768,2144459
2058107,113972
1940314,106642
1913760,115602
1926214,950939
2059183,949965
1947558,2684832
1948676,948629
1914834,111345
1913759,115602
1947549,109787
2057781,106399
1916777,113495
1923987,107516
1916760,950528
1941435,113644
1941094,112592
2084714,1084274
2084841,113790
1913855,107977
2059164,110127
1935561,948197
1914822,113224
2380967,951125
1946071,948767
1946086,107525
1912318,949670
2072782,108179
1933052,115011
1932063,109901
1913816,1894604
2057760,108971
1940946,112926
1938477,1145537
1946641,950482
1941096,950937
599661,107207
1946887,950006
363504,115741
2075102,1091979
2383668,107037
1913813,1894604
1941436,113608
1946890,950006
2072342,108507
1920905,107431
1948259,112708
1914823,114305
1914799,106746
1940945,112926
1941788,107114
1946108,1084274
2057793,111521
1914807,114145
1914811,114305
1946096,1084274
2382042,2144460
1946101,115756
1914992,113100
1940731,112123
2058993,948766
1939739,113314
2058574,108426
2127408,1092120
2127360,2008327
1914423,949960
1947656,948862
1913810,111685
1912213,108030
1913773,1953553
2058091,2146623
2057791,110311
2057804,109698
2057603,107973
1912365,109558
1941807,113375
2271293,948557
2195461,107453
2084821,109441
2132911,2017820
2252551,2017819
2252583,114246
1950424,950873
2271073,114154
2271163,950812
1912209,1872717
2057522,2021680
2256812,114403
2383960,948748
2199610,108975
2095905,1872730
2259632,2011586
2271104,1884021
2252520,109950
2117992,107165
1912579,1722498
2200090,948608
2083976,1884147
2056675,1719510
2084007,115197
2084791,950413
2084765,113991
2090484,109592
2084730,950908
2057717,113529
1913683,1090206
1919932,110069
1919931,1892294
2112274,113511
1937719,948698
1938672,108022
1912578,1722477
1941441,107165
1941746,110209
2123723,107666
1948724,113901
2252760,112669
1946050,115373
1946045,115373
2068219,1333699
2083800,114137
2115352,950367
2119034,2037281
2083777,108155
2083773,108380
2393129,108429
2072397,1084274
2215676,1090093
2116088,108916
1933347,949183
370789,115419
1933076,112512
2215826,109158
2215932,108110
2093877,1090095
2105467,1091979
2271643,948557
2220173,113147
2056707,2044205
2215949,949847
2215685,108413
2078254,948844
2107723,108286
364013,114086
372450,108894
2271165,109390
2095745,115023
2104808,951502
366052,112926
373654,111631
1919944,106565
2096552,950451
2097696,110580
2123136,111094
365694,109919
1924085,2684848
2384029,2021679
2123815,108170
2084162,950047
1917238,1090076
1938670,112872
1946046,115373
1926413,111344
1924820,110225
2107195,106579
2118722,114405
2120507,1872729
2075126,112663
1912577,1722438
1937727,2021661
2118432,114765
2093793,107744
2094761,114640
2096001,2146623
2115367,111960
363485,106427
1940753,111487
1940756,111487
2116563,108256
1941439,1089560
1919421,115739
2115351,114406
2122802,110855
2131506,115692
363797,110096
2084819,110004
2118138,1090081
1917054,950722
1926166,109021
2094782,110750
2097730,111960
370792,950798
1914701,115027
2106126,109274
2119780,114640
2118720,2045659
1948722,1089551
2103322,951044
2118134,115261
372156,107412
2095999,111960
2118137,950870
2058015,950676
2097694,114853
2117542,115163
1912083,1089556
2114170,115019
2116103,106644
361496,115692
364260,1090667
1924083,948753
2121663,108026
374632,108916
2078398,948194
2096025,111960
2123700,108415
1913793,107998
2095915,114608
2105469,950367
2115374,113511
2057713,106450
1940739,112158
2208758,108425
1948394,1090098
2084818,112181
2075133,1089555
2056898,950752
1923020,108588
2075107,108405
2110868,950854
1914830,951444
1946088,948764
2072100,108405
2195471,950875
2072830,108739
1936517,2143297
2072511,950752
2097340,112277
2058567,1092118
2057500,948844
2056958,1722522
1913827,1722518
2056704,110996
2057567,115626
2057579,1090159
2056804,112275
2096037,110580
1940743,112120
2073014,107359
1948257,1084305
2195467,950863
2084112,113396
2056896,949806
2056914,950863
2269607,1172333
1913745,113012
2058573,1092117
2075106,1090093
2075099,108431
2259619,108964
2059239,114785
2195463,2684650
2078312,1090970
2058081,2684642
1940740,112158
1940727,949025
2059223,950154
1941810,110054
2072405,950864
1948713,106436
1948410,110006
1948408,110006
1933349,949183
1919925,110004
2127386,114950
2121666,950773
1948874,106095
1933346,949184
2096024,950597
1934684,107370
2195417,1095190
2127404,112120
2267275,2684913
2267277,948844
2057053,106356
2057502,948844
1924819,110225
1924822,106368
1939722,106629
1912296,948603
2084793,115645
2057118,107347
2058130,949614
1932053,109901
2118438,106607
1938483,108916
2095035,950894
1937710,114403
376401,949183
2057426,113257
2058110,2130405
1923518,114182
2056855,114247
1946648,950482
1918068,1953552
1941816,1872729
1912364,950846
1944334,110996
1946850,950536
1913680,108616
2057432,1090680
2057428,1090194
2057591,106970
1919026,2011618
1915958,2684719
1913660,106338
1919497,107024
2056961,1872705
1913679,108616
1946845,113670
2056963,948878
2057528,2684719
1945553,106879
1913800,110024
1923025,948823
1913656,113852
1919486,108358
2056853,108316
1913817,110024
1919490,111381
2056857,108890
1918084,113094
2057584,110275
1945557,1091403
2678395,108787
2113638,1091977
2057598,110276
1918590,114836
1923034,948844
1944338,111174
2057814,115754
2057436,111638
2268840,115774
2072190,115286
1913720,950868
1913787,948896
1913766,107990
1948498,1090201
2057134,107975
2072322,109156
1932893,109842
1946856,110107
2057599,108380
1933096,949987
2059216,951635
2057125,949614
2056940,107970
1948696,113843
2127436,1090191
2057170,1094407
2072394,948685
1920253,108347
1926003,108063
1933559,948785
2057110,108317
1948265,114474
2057915,958013
1948256,1084304
1920254,108347
1935593,106997
1912208,107421
2059182,115241
1948681,113189
1948692,109855
1941747,112864
1913795,2684654
1948699,106436
1913796,2684653
1948710,115434
1948656,1883989
1919942,1865648
2059217,1864078
2057535,2684810
1914656,1703254
1912007,1089547
2057526,950873
1914653,950841
1914831,114628
1913618,2042087
1948719,108800
1940759,108935
2057653,948335
2059291,950873
1914816,948882
1915953,948924
1915954,948849
1913774,948870
1926412,110755
1915957,950517
1913750,109440
1941800,110854
1948698,106436
2059025,950159
1914806,111667
1914988,950065
2058111,113892
2058061,108179
2096039,106598
2058691,2685613
2059226,1090969
2075633,113260
2058030,114544
2199611,114544
1913658,107380
1926089,950936
1919708,950677
2058098,950895
2059230,110095
2242710,1953551
2089625,1090578
2200019,107043
2246544,950443
2243815,1953551
2199384,948461
2236028,1953550
2236023,1953551
2244400,107040
2089624,1090574
2258312,1085006
2092044,111129
2229768,113921
2194775,2685557
366784,110717
1919742,113842
599801,950453
1935329,950965
1923359,949159
2194798,2685672
284521,950706
2050382,111176
2194810,2682353
2110080,113842
364582,107112
600009,109974
599709,2685709
283616,106067
1940965,111686
2120886,110926
2201307,2685554
2245886,109986
1922798,106100
356632,108107
1935316,114861
2050693,111046
375878,950706
283476,950344
1935281,110926
364295,111046
2194815,2685413
2201102,2685552
1935318,113874
284383,106125
2050681,106825
2050682,113096
584522,108284
284478,950344
1935271,110926
1935314,109910
1916843,1088532
1947688,1888801
2050530,949062
1917548,951171
2049071,950069
1932280,1088611
2385945,950574
2393064,950241
1948561,115456
2200475,2685413
2086603,1090888
2086631,1090888
2086572,2028222
2080009,949244
2080636,108398
2080218,115403
2079933,107399
1941259,951248
2201585,1088646
1916826,106736
2255125,109847
2049120,958072
2386035,1090885
2050304,110926
2106521,114851
1933270,109709
2049097,950043
1920082,951010
1932293,1088610
1948402,2685535
1939632,114487
1942777,2682365
2086431,2028463
2076604,111998
1940166,1088554
1938574,950724
1938695,948296
2112398,113842
1923357,950241
2049079,949844
2103960,107175
2122657,949070
2049089,949783
1916865,109086
2080073,1858705
2049411,108375
365109,106068
2272250,108092
364546,107263
2117075,113464
2115829,107112
366400,111228
2127832,115068
2050435,957283
1937672,948837
362401,948969
2092504,114066
2050268,114080
1920093,2682366
1932389,1088644
2200325,110926
361625,1088586
362569,112429
2274151,113751
2201860,113842
2049256,110926
2269136,2043416
2269370,114926
2269379,111416
584381,957282
362608,1088580
1915684,1088583
2204078,949189
2270766,950002
2050333,2028463
2049076,950043
1950316,950303
1935317,113874
2076410,950303
370558,107112
599753,950002
2050743,1090888
1916839,113890
2110737,1094204
584362,106062
2049833,950958
1916866,109109
1941267,106094
2049849,951010
2127789,109422
2074408,950550
1951389,109974
2050385,114183
2194719,2685617
2194792,2685547
2203083,2685617
2194804,2685546
2194803,2682357
1935272,110994
2274136,2685667
2194811,2682354
2381897,2682652
1935242,110926
1935274,110926
1942747,949058
1935269,110926
1935277,111058
283732,114955
1945933,108376
2194726,2685526
2194805,2685552
2194813,2685406
2194769,2685671
2201578,2685404
2194835,2685407
2194823,2685414
2194882,115456
2274141,2685665
2204077,2685634
1935276,110926
1951926,112644
2050694,111686
1941260,951248
2050541,114926
1935311,111416
1932339,1163162
1922804,1091270
1935312,108092
1942762,949047
2050457,949155
2049712,2028463
1941228,106070
1912197,1088577
1940170,111128
2050469,107470
2050710,111380
1947683,1888800
2050393,949869
2050443,2685708
1922802,2038590
1939333,111089
1939331,111089
2064493,114001
1941263,108129
2050604,112683
1935268,110926
1930724,106029
2381874,113144
2381909,1088560
283475,950344
2086483,108263
2272057,109996
2050300,110926
2050276,1163162
1935240,110926
1932376,949171
2111572,110926
2080263,111058
2080322,1088613
1932332,948566
1930717,106055
1916856,109106
2194808,2685544
2200474,2685411
1935307,948394
1938685,951003
2079863,1088560
2274139,2685666
2049408,108373
2050552,108843
1944439,109836
1941264,106153
2787299,1088548
1935261,110926
2132453,1088551
1935239,110926
1915700,950552
2049840,112607
1915681,957285
2194749,2685670
2194756,2685671
1935264,110926
1929308,106076
2194750,2682356
1933263,109986
1941280,114459
2049835,950453
2049555,111177
1915738,957286
2118313,106055
1935324,113928
2049109,950043
2194801,2685672
2080160,2685615
2050649,2028463
1932388,948565
1940035,109422
1940164,111129
2080107,949235
2080020,949236
1941226,108343
2080062,112426
1930731,111018
283208,114938
363705,951056
1929303,109078
2252657,113506
2080288,1088613
1947661,1088552
2049367,107112
2194919,2682365
2050632,106825
1948528,106128
370801,113813
1942765,949047
1932351,1088618
1939345,110857
1915724,1088584
1940167,111131
1923361,950241
2203107,2685664
2064743,950002
2110726,950069
1945931,113690
1935321,113921
2194748,2685668
2194816,2682352
2194782,2682358
2194818,2682351
2050568,113144
2050656,107393
1938264,110719
1935270,110926
1937920,113751
1935266,110926
1935273,110994
1935208,110697
1935209,110697
2102692,113751
2050482,950569
2198583,948837
2221183,114401
2267558,106052
2754403,2685410
2754422,949150
2754398,2685405
2194746,2685669
2386104,114487
2203109,106178
2194725,2685527
2049599,107393
2201877,948997
2385962,108284
2268858,112679
2252931,2682356
2381946,111129
2245858,1892990
2274124,2682365
2221293,109422
2080527,948296
2080298,109910
1935295,111420
2106535,114959
362376,1088586
2194839,1088621
1920121,949062
2086545,1091228
1947665,113833
2116996,1088554
2050270,1163159
2671010,115735
2671045,106052
1910977,114079
374149,113751
366600,1088554
363020,1088524
2080476,1091229
2080637,112746
2113094,108843
1932380,1088641
374025,108375
2050088,1090887
2064696,112146
2064363,108842
2080295,949171
2080373,1088553
2194820,948566
2671062,106116
1932359,1163159
1932341,1088672
2123609,949783
2102706,949187
2112393,110211
2119739,948257
2092058,951117
2117006,950747
2120289,1717965
2079993,950002
2194832,1163163
1938262,108782
364001,106446
2112400,951152
2050923,106178
2119728,950747
2201580,1088613
362926,112446
2270888,115640
2121548,114079
2091891,108411
2113114,109780
2122658,949070
2199826,111420
1935306,1088574
1935319,111416
2194834,1088643
363135,111210
371807,112651
584504,108284
2121505,1090887
372808,115032
2120492,112651
1932390,1088621
2106553,113307
2115820,113690
2116995,111129
2203129,948082
362723,110735
2120992,949191
600264,110793
2050264,1088611
2076533,114198
2119755,956803
2113891,114198
369384,115735
2091776,1088577
2120883,114938
2104505,113842
365087,114101
2092398,951083
2110759,1088528
2121533,948564
2385927,108329
362062,112446
2074475,951491
2674283,950069
2110085,113751
2092098,112146
2106782,108398
2110746,113751
2049341,1892991
2049406,114851
2119740,950523
2131762,950361
362522,111213
373044,949924
600142,109059
1932295,1088611
1932394,1088643
2091595,949173
373294,107007
2115867,1088648
2049475,113751
2064697,109780
362124,111213
1935342,1090894
2117004,948711
2050262,1088541
2120306,114926
1932369,1163162
2111097,114198
2122679,106033
362974,950550
371596,112607
2117002,950706
361921,951014
363087,1088580
1935333,111421
2103963,113244
2113104,107112
1932331,1088557
2050638,112160
2116248,950706
2118314,1090888
2119725,951152
2064855,1088646
2076532,114198
2104518,110735
2105172,2028463
1932336,1163159
2050282,1163161
2114544,958072
1932364,1088646
2049440,950747
2106518,950549
2117005,950747
2120985,113751
2064939,112441
2076425,110926
362199,111264
1915688,957285
1952255,106142
2064571,113751
2118956,950344
362303,957282
1941232,106070
2091591,114493
2102681,111128
361674,112429
1935214,110697
2117039,950500
2121498,1090888
2121601,109984
362073,1088524
1915730,1088586
1942743,949058
2049100,958072
2064694,2043422
2091518,114010
1920083,950979
2200229,948085
2116284,1088579
2064616,112683
2064617,113096
2385866,113842
2252934,2685557
1920986,114331
2112442,110926
2122678,113813
2086543,108288
1915729,112429
2050452,1088589
1920084,951010
2086479,110926
2050321,110926
2049472,113751
2049443,950747
1932314,1163165
2258976,1891248
2259033,1892278
2670978,113244
2064870,1088646
1935278,110926
2050316,110926
2050305,110926
2050301,110926
2679046,110926
1935262,110926
2258787,106019
1935294,111421
1916875,112780
1935263,110926
2064950,107150
1922797,106100
2112385,109910
2115046,110926
1935228,111058
2384627,2028222
1935220,110926
2384635,951436
2049630,949238
1932291,1088611
1922792,1091270
2380531,2685617
1928961,106019
2064957,1088597
1912626,109314
2385893,114401
1935394,106319
2092095,112805
2049592,113096
2064742,950364
2049602,106825
1935334,113915
2049827,949814
2049591,113096
1920060,113513
2049569,111129
2111114,111416
2050346,108107
2127819,1888801
2050368,111338
2050431,109708
2050475,2028462
2050425,108288
1944562,114010
2200346,110926
2670995,110926
2194790,108092
2050439,115735
2049881,115456
1940033,951024
2049726,114101
2064739,950002
1941265,108288
2076528,113517
1933227,109986
2110081,1717966
2049568,111129
2049897,950553
2050646,108288
1935315,114861
2064737,950002
1930975,111340
2385933,1091939
2049829,949814
1948560,115456
1915689,957285
1935320,113921
1913215,106830
1912622,114303
1935308,948394
2049707,106062
2393097,111505
2252930,2685544
2220001,2685550
2194971,2685549
2199829,110697
2049365,107112
2386028,1091938
2064946,109089
2049838,949842
2049382,950549
2386054,950361
1935305,1088574
1935275,110926
1947717,109221
1948353,948997
1935313,108092
2050455,950553
1915679,1088583
1932300,108572
2259052,108289
1938006,949224
1932299,108571
2203987,114001
2194809,1091271
1930669,111973
1916827,106811
2267206,108329
1935265,110926
1932402,949162
1916852,113464
1940057,1910633
2050433,113557
1944438,112689
1916889,113827
1916841,113890
2050588,107145
1942783,109000
1914489,114001
1930718,106044
1912180,956803
1941225,1088546
2076472,109059
2049141,958072
1916876,112780
2050729,109078
1933220,112427
2050465,107007
1922806,949195
2050730,106044
1929905,111338
2049083,958072
1916873,112780
1930631,106019
1931463,111340
1928617,106019
1917541,1858703
2050575,108844
1941224,1088546
1941237,108129
2049845,949814
1930474,112472
1948536,113713
2208473,1089686
2207953,115778
2208071,1091390
2236390,111432
2208984,115567
2208342,949462
2236382,114462
2216070,115778
2063114,113909
1934771,106217
2198949,949990
1927647,107137
2074032,106766
2195234,949688
1943614,108057
1943621,113349
283416,957967
2220188,110736
2220593,950946
2220598,114784
2218870,112854
2116864,107052
1935099,1884137
2204734,114521
2208738,115715
2259294,114095
2227043,2008646
2227051,110639
2076249,950966
2227649,114824
2208496,112403
2209030,113467
2230888,114932
2208432,106456
2230910,949755
2230922,114136
2230935,109111
2208580,111968
2230943,115644
2231016,106891
2208681,108168
2230911,1091354
2236105,949020
2230828,951434
2230815,109253
2236373,1162348
2236385,109737
2216059,1092098
2208925,112946
2236525,950990
2236530,1094235
2208182,115203
2216061,1092101
2204719,2159336
2204838,950598
2230931,110590
2207962,114932
2208353,114106
2216058,113982
2236103,115778
2207947,111457
2204850,108734
2236386,111330
2236675,110723
2204682,107494
2208934,112600
2208500,113212
2230875,1090044
2209029,114315
2207986,110742
2208572,110653
2209090,114667
2236626,110637
2204774,107721
2204750,1092099
2208120,108125
2204503,950991
2236617,951223
2204742,113898
2208503,2159324
2208032,107493
2207948,108494
2204715,115346
2230945,948284
2204759,2159340
2208080,110598
2204711,107618
2236375,1476644
2236378,112395
2236836,110644
2237395,1091594
2236976,951503
2236975,111888
2237050,111136
1922884,950654
1919656,110715
2063372,114769
2382319,948274
1942339,114832
1939022,108697
2236845,948392
2237301,949192
2123772,111143
2237401,112420
1917343,1091405
371810,110713
2057802,115087
1943623,106230
371005,110683
1919572,949004
1928332,112241
2385292,2683677
2385311,948863
2385308,949400
1942303,2129112
1942321,114832
2250634,950171
1939918,949403
1941017,950497
364065,107948
367071,108712
284901,114643
600195,114678
2790831,948922
361411,114352
599715,106826
1914497,108023
2063095,108542
2195267,111453
370661,108080
283797,107349
2252894,108454
1941020,108020
2086311,111447
2111933,113444
2074105,110830
2203469,949733
2073971,1166340
1942368,111446
1942336,108104
1942301,109633
2195013,112198
1937476,2683653
1943606,115292
1917303,2157065
2230882,108686
2271723,2685653
1949727,113612
2208534,106189
2208651,2159277
2209064,112776
2204679,107927
2230877,107951
2204724,115255
2208291,951605
2236666,948605
2236830,958068
2209298,114454
2208621,111944
2237297,110958
2237004,111895
2237033,110592
367821,107705
2204860,114049
1939938,949689
2126901,107932
2086243,2682413
2091501,112263
2086179,114568
2074378,114574
2086263,111280
2083951,950514
1950370,113029
2385272,113118
2085972,106981
2085880,108211
2085868,108211
2085511,115578
1939936,949667
1914337,1091498
2085915,949777
2064294,114501
2203592,2685427
2203593,2157477
2203594,2685426
2063345,106360
2085940,115308
2085899,112604
2085931,112589
2085523,110452
2757546,949682
1938997,112628
2086187,114678
2203624,109022
2086096,109324
2267424,113545
2062863,950658
1938869,950020
2086090,109443
284892,114643
2085858,114709
2064002,950537
2085953,115415
2201037,112648
364317,113115
1948283,114003
2385695,2685621
1940473,108580
2126815,950945
2260024,951034
2385277,957967
1948177,957981
2203293,949631
1940478,107519
2236822,2157058
2204413,949901
2204427,106707
2204432,1091582
2204456,112407
2204457,114757
2204477,1090050
2204498,106975
2204667,113946
2204687,951522
2204694,951203
2204708,112937
2204710,106818
2204726,950343
2204733,115371
2204736,110453
2204747,114821
2204762,949624
2204790,106980
2204812,951487
2204814,106321
1938423,1089652
2204817,108486
2204820,112271
2204897,1091566
2230893,113911
2062386,108040
2086130,109446
1938964,115335
1932448,107397
1932510,109069
2201618,1170897
1940997,112124
2259284,113472
2259290,115198
2062991,1866389
2063022,114167
2074030,1089943
2260059,113196
2086273,114200
2203218,108652
2203181,114535
2273663,950837
1917179,950565
2091360,113743
1927851,958002
1927637,949578
1945804,2012908
2063294,950188
1915326,950475
1943625,114920
2076325,109811
1935655,107922
1925493,2157058
2085969,113298
2198929,111659
1938448,2008326
1950591,113117
1927660,112019
1939115,111493
2063371,113910
1939003,114353
2062930,948600
2262843,949957
2195138,115087
2259871,113545
2195206,2159341
2262839,2685566
1938862,107052
2062275,111252
2063817,108860
2391938,112744
1914395,114582
1942223,115396
1939954,111569
1940471,106171
1932500,112151
1920968,949282
1940540,2685561
1925204,108031
1915271,107739
2063002,1162345
2269774,110499
1941122,114508
1927340,114514
2063055,109374
1936512,949865
2063005,115659
1917125,2136785
1927721,2146634
1946123,2146637
2236535,951354
2062474,112609
2204760,113593
1938319,108617
2063424,115222
1915331,951280
1916059,111415
2267513,2685715
1919527,110826
2062265,110668
2062641,949301
2063947,106050
2086079,112228
2274068,2685659
1947301,948597
1939101,112871
1922951,111103
1948284,113161
2270553,107517
1920978,2683658
1916058,106749
1925904,111077
1914552,1884119
2223063,112810
2062597,949319
2062739,949714
1938436,1094234
1917348,1091405
2063625,106883
2085930,115347
2063303,108225
1951188,111671
1932517,114238
1945796,2146637
2267529,112247
1916609,115765
1916594,115765
1917292,2157064
2062290,1858054
2214832,2144558
1947821,111119
2062341,1721671
2273112,2685501
372627,1091060
1951452,115559
1943627,114051
284116,115192
1922905,957973
2063006,1874502
1949730,113699
2260031,113723
371433,112815
1922887,950662
1919291,1091499
1947306,111464
2126868,1895480
2063171,106766
2062816,110542
2063235,949644
2064246,949653
1939937,949397
1923063,111450
1938366,107638
2063107,948476
1951450,112811
2064254,114769
2085943,950694
1939112,113508
1940438,112174
2063181,106801
2064236,950693
2063298,114782
1915288,950572
1925315,109892
1935685,106326
1921481,108450
1938438,1090038
1915298,108639
366461,949313
2062697,110553
2116964,109341
1932521,949777
2063382,110537
2072992,949714
2085760,108047
1941217,108798
1935645,112609
1914706,113278
1942193,106924
1943641,108346
2271255,1090266
362156,114832
2063098,948722
2063139,948938
1950477,2683854
1951843,106494
2273647,106760
2383784,113667
2062815,115158
2079843,107405
600326,114643
2085967,114709
2268410,1090103
2086223,113868
365798,115550
366172,107924
368064,113479
2268959,114882
285154,110241
2121841,115240
2085852,112604
1938397,108113
2380602,106113
2269783,108244
600143,106981
2216271,113474
2063262,106525
1938805,107805
2079759,2685685
1927404,107538
1950442,949004
2207021,113298
1948096,957986
2123666,1162347
2207939,115379
2207955,110711
2207965,948614
2207985,114932
2208006,949736
2208083,1091600
2208119,949718
2208117,951232
2208136,949740
2208190,1090034
2208624,949980
2208280,112074
2208513,108454
2208548,949645
2208556,109734
2208582,110596
2208600,106763
2208642,949776
2208703,113274
2208928,113980
2208945,107527
2208941,950434
2209007,1089669
2209014,113104
2209016,110698
2209028,114750
2209091,115637
2209227,951446
2209251,2146701
2209271,951594
2208036,115558
2208409,107537
2208139,110823
2208736,110938
2216870,107656
2216876,107799
2216879,115199
2208926,108476
2132336,114432
2195016,112225
2218101,108580
2203269,113765
2195085,2682402
2085366,114586
2208064,115203
2218873,114304
2260097,949337
2063272,109134
1919540,1864044
1939922,111272
1939935,115729
2062971,114560
1938783,113298
1932522,114238
1938467,948955
2063009,1091355
1917338,1091405
1947261,111713
1946140,949205
2063102,2685608
2076391,950573
2064107,113962
1939102,107312
1918706,106883
2063335,112887
2674518,113612
2062270,113611
1939125,114700
2085976,114769
1938421,110502
1936527,1090103
1938768,948506
1939095,109695
1925637,111491
2063370,114346
1940475,109048
1941007,107644
2063283,113276
1935690,113038
1939933,107812
1939920,107749
2062758,114278
1939957,107749
1915313,1091295
1917347,1091405
2063369,114705
1935643,111671
1939944,112811
1937472,1090265
1922911,1089710
2076375,106326
2062262,948453
2079842,112092
1914544,107834
1947800,114007
1947813,106952
2063377,109133
2203216,107805
2203171,2682385
2385674,948434
1938874,107042
2063282,113710
1940470,106171
2063346,108322
2074163,112238
2072784,950966
1927858,1090110
2063292,114017
2063328,114144
2062887,950946
2063494,108146
1947299,2042642
2063083,106900
1938937,950034
2062801,108930
2063458,1091312
1939127,112253
2063350,114217
1939925,115745
1948289,112878
1942248,109826
1916046,948474
1942220,1863088
2064128,111059
1916062,106749
1942364,110936
2787332,111343
363523,114614
2063386,113910
1914446,113056
1947804,106952
1932450,114483
1947117,115463
2062865,948403
2063365,115158
2063420,1858052
2062840,108946
1919536,2144561
1915330,108652
1937879,114956
2203160,950572
2202180,2685466
2203077,1875955
2203299,2685680
2203162,948433
2195211,2159342
2064160,2685565
2203215,107723
2200743,950659
2195321,1094234
1919602,1091058
1937872,114298
2063589,949278
2064300,951087
1927693,110656
1938968,108416
2062788,110606
1938864,112231
2063395,1890185
2063356,114509
1938828,2685436
1919522,1476628
2063280,115347
1937482,1091050
2063279,111400
1922880,2685471
1938737,949437
1927656,110641
1939655,113667
2060774,951027
2063353,114217
1915966,109153
1923984,106981
1947775,107529
2064276,115158
1940481,108580
1937505,1090253
2063374,108322
1914429,113081
2063352,112252
1917129,112821
2062602,110474
2267394,950921
1928337,108194
1938361,113339
1947100,1884134
2062726,2130410
2063305,114992
1919590,951172
1951397,109695
1918703,106883
1939964,113917
1941046,1094947
2268982,2139833
1940459,113074
2195021,112224
1940523,949270
2195209,2682392
2195217,2685647
2214859,2682388
2062665,950966
1927314,110194
2062881,110540
2062628,111374
1919528,949041
2063362,114574
2062617,111374
2062778,114217
1948814,107121
1937474,1091125
368265,112661
1912057,950914
1939656,114034
1927842,950963
1940494,113458
1919570,107279
1925856,111023
2062577,113433
1939088,114700
1919082,951023
1939126,113489
1940510,950951
2063565,1089657
1939106,109369
1919588,110781
1915302,1091282
1947265,106245
1918660,2683942
1927859,1090109
2062852,110607
1915976,109893
1937479,949452
2063325,108321
1947361,109279
1947326,107258
1945999,106533
1918656,2683944
1920982,114554
1938439,949484
2064348,1091300
1912063,114797
2062556,1719996
1938464,948955
1923077,1091577
1938429,1091495
1925759,107825
1915265,113800
1935646,1875929
2195336,110500
1935635,951041
1939667,110438
1939968,115559
1915974,1091419
1939020,114146
1947806,111119
1937181,106083
1938432,1090252
1938463,948955
1919529,1476630
1918699,2683945
1935639,112515
1914554,1884118
2195282,115218
2057965,115749
2072436,112834
1946130,949204
1942343,112560
2075232,112278
1915247,114211
2062557,107368
2085370,115631
2085379,114373
2057959,949907
1946124,949929
1927720,2146634
1943055,1091345
1917563,115520
1948184,1089698
1941011,108841
1943054,113223
1946135,2146637
2078289,111200
2251806,109265
1946426,949246
2072492,113580
1927957,1884125
1927628,949618
2195270,1091350
1922974,1884116
1932501,112151
2085973,106981
2073999,114342
1919286,1090256
1916045,948477
1927699,112034
1927705,112000
2057462,1884116
2085728,1090322
2086139,951244
1923328,111395
2062946,110201
2091419,112648
1923052,110841
1925207,108031
1927846,107933
1927675,110652
1937882,114956
1927618,949578
2076259,114655
2748002,109280
2271917,110065
2086256,112201
2086242,112475
2086185,107895
2085942,112246
2062917,112532
599741,106981
2126865,113894
2064084,110452
2083924,107639
1938860,107042
2203573,112231
2269702,2159261
2203577,112231
2086310,1091365
2083932,957994
2085947,109597
2086002,950514
2064095,951149
2063538,108891
2086237,1091282
2105455,113344
2383038,107678
2383036,1084323
2748069,949332
2260046,951037
1948292,1089701
1947651,114979
2262840,2685566
2269584,111996
2259784,2682409
2084137,109633
1914454,113069
2057459,1884120
1942358,112590
1938740,107416
2085879,106981
1917344,957967
1927860,1090110
1946424,949245
599745,112202
1942365,114768
1927339,948345
2201465,957967
2063331,114574
2063309,115531
2199606,112088
1923338,113117
284545,112139
1943051,950779
2062779,112815
2199700,950987
2132873,107905
1917310,111144
1932087,1162338
2750580,2685502
285187,112006
2203192,107747
1939967,115559
1915316,1091283
1915283,108638
2063301,107837
2063477,2682407
2269738,2685567
2195207,950186
1939949,112814
1922889,950660
371011,950187
2195237,2159296
2062918,110547
1914503,1721671
1938460,110499
1946429,949206
1919598,949005
2204720,109677
2209300,113476
2204672,114181
2195242,1884079
2221374,949975
2221421,106313
2204784,109945
2227054,114460
2236536,951222
2204777,115333
2208554,112379
2207943,1091366
2236716,951361
2230844,114932
2230916,951519
2259304,111075
2208185,949694
2236383,951431
2236393,106904
2236388,949737
2236391,948605
2209000,113912
2208605,107702
2209345,111837
2216864,1090043
2236726,110597
2237038,949826
2208100,1091587
2208164,107676
2237290,1162347
2237292,949658
2237296,108245
2237302,1091558
2237353,2038584
2227617,106684
1914473,114507
2057731,106952
2062300,107339
2199064,111569
2198921,950654
1919565,111622
1938837,113718
2063426,115120
1917005,114863
2203570,2685660
2198971,110502
2076362,2685564
2063348,114144
1938875,112547
1939932,106850
2200586,2157064
1920958,110403
2063330,114928
2063173,948600
1935710,113038
1939921,113917
1940499,950582
2126876,112475
2391869,113672
2062940,2685608
2118292,948267
2203200,2685494
2062850,108321
1939962,113917
1947174,114501
1917020,114568
2064237,113765
1947808,112880
1915311,1090325
1920059,1719508
2063247,107210
2074272,108868
1938907,2685659
1941027,114626
1940602,107081
1940492,948610
2063344,113796
2062871,948433
1938240,113497
2062898,110547
2062875,110542
2063347,114017
1940460,113458
1919587,111958
1937282,106071
1915972,114260
1923343,113309
1917127,112821
1947308,113478
1917128,112821
1927726,2146634
2748091,113074
2269779,2685503
2208108,1089414
2208296,114203
2208316,1089691
2209350,1091563
2208749,109854
2208747,112776
2236312,109341
2209043,114212
2253664,114333
2207980,106839
2237364,112071
2253658,951524
2236828,115474
2236820,2157060
2230871,106990
2208048,949852
2204856,111224
2208724,949482
2208563,107952
2208518,2159319
2236994,949731
2236995,107494
2207979,948605
2204766,958012
2085892,112870
2086170,113569
2204458,2038586
2204460,951224
2204512,107681
2204668,109372
2204692,114732
2204699,111331
2204843,950462
2260057,108806
2207997,1091372
2204425,949169
2262927,2685148
2195303,111723
2380578,2685521
2208507,107269
2126872,106766
2109952,113968
2273707,110502
2209047,112946
2062430,110502
2270478,1722535
2206799,107459
2207989,949019
2208066,110592
2208092,949592
2207952,108519
2208623,951608
2208252,2159301
2208401,948172
2208418,113427
2208511,951523
2208541,114953
2208561,110655
2208576,951312
2208613,1089667
2208670,112677
2208356,111802
2209059,951064
2209075,951546
2208543,110878
2209222,107407
2208081,106473
2208634,950377
2204497,112390
2215628,106435
2126849,114501
2208471,115567
2085873,957967
2203267,113910
2119485,107834
2385694,949178
2382297,2030630
2198931,114884
2391870,108578
2220592,112764
2393057,113249
2208475,108167
1919543,2034269
1922326,2685265
2262812,949553
2208700,107624
2131246,108186
2085721,1091492
2062638,107014
2230930,951375
2236996,949620
2207973,1722544
2259778,109280
2236650,108734
2383969,950246
2200597,950188
2199062,115081
2208929,115574
2230823,951288
2204677,950997
2209305,114539
2221362,111436
2195041,113673
2209316,113401
2208442,1089661
2204516,951224
2204735,111460
2230879,109167
2204501,949731
2218093,107069
2209343,107028
2262867,112377
2201466,949957
2208104,1091586
2208410,106752
2204670,110653
2204729,107087
2207966,106908
2216862,107954
2214694,107420
2204695,111848
2131835,109798
2236653,111436
2230906,107362
2208976,2146681
2208597,108690
2237022,107925
2209597,2146644
2208378,111796
364116,1090257
2133159,948463
2747964,114805
2195120,2030630
2678978,2146636
1943617,115315
2074034,106766
2200937,1890186
2101835,110643
2085765,1091504
2063470,110641
2063313,109131
2062851,110551
2074112,109741
1949266,106883
2062760,114217
1938967,107747
2062861,108930
2095804,111028
369273,106247
2086261,111280
1916595,115765
1916606,114044
1916625,111233
1916608,109521
1923342,114374
1927371,109447
2195139,113402
1951565,109826
2116927,110047
1939087,114883
1942349,108549
1942370,109945
2120384,112848
1923045,108097
1948207,112878
2121053,2685228
1927684,110656
1943607,948857
2124539,113457
2106396,1091560
2085674,949064
2126893,1090257
2057097,114148
2063147,106821
1914664,114501
2063946,106050
2110708,108658
2671114,108185
2063747,1091345
1948204,112878
2385287,1091405
2074065,115317
2064266,950654
2059279,112912
2086298,951151
2121888,949205
2063850,111659
2085484,110201
2113048,110501
2102341,107605
2086146,107490
2086117,106135
2124540,114026
2114506,113968
2118923,112609
2119147,106766
2118530,111400
2119138,112609
2122845,115496
2062482,948171
2102345,1953535
2062662,1091306
2085505,115448
1938370,1089960
1938786,951227
2748036,112764
2101380,111878
2085437,114255
2203622,112532
364242,109315
365001,107895
368880,949332
2085927,115351
1948216,114660
2086171,113845
1917279,2157072
1948217,114660
375651,114494
1923049,107325
2120386,108549
2132377,948439
2204896,107259
370338,106288
375245,112745
600314,114678
2208052,108055
2204858,110498
2231017,1091414
2076255,2683660
2204428,949618
2120106,106766
2126811,114507
2126850,2683942
2230853,110457
2195235,107628
2267516,949653
1916602,109521
2236667,1100482
2062378,107052
2076153,2685435
2101717,114514
2106413,107193
2110596,951038
2209026,113255
2207944,113815
2227631,106349
2083944,112879
2227638,949478
365947,114408
2208122,110506
2208484,114945
2208181,948438
2063858,107605
2207968,111732
2115747,113018
2118291,109341
2208497,1094235
2230923,112395
2126900,111503
584587,957993
2206215,112810
2064165,108322
2122840,950572
2063493,2685682
2227044,2008647
2112359,1091562
2117775,106924
2121046,1953534
2130901,106050
2132088,115245
2209048,949808
374831,107348
362245,115087
365374,950601
2204782,107356
600104,106981
2208937,114983
1942236,112049
1948128,113485
1948210,113629
2121920,111113
2126908,110060
2073884,108095
2076155,2685435
2085519,1091370
2115955,113018
2126860,115087
365897,113278
376197,112745
2110715,109467
1917297,2683700
1923348,106113
1948228,111239
2074165,948216
2086312,113990
2132582,111389
376070,113077
1948113,113485
2063843,108658
2073964,107747
2086084,109324
2106397,949990
2111064,109494
2114490,2685213
2119919,108631
367090,115404
367840,949901
375517,114528
2063508,108031
2109810,113463
2114452,2015959
2122816,1091556
2122851,1091405
1916561,115765
1948244,111239
2113845,112193
2118571,949666
599849,949568
366392,113880
370866,107321
373846,108013
1948205,112878
2058726,1476640
2114999,108557
363146,113165
2105314,108455
2116574,107246
2118950,948731
1916600,111233
1938829,1092049
2115025,113632
2121045,1953534
365650,109315
368316,114082
1916596,115765
1942313,111332
2063814,113014
2076151,107052
2086262,113029
365494,107678
371424,115202
376211,113379
2119918,114884
373362,114733
2063110,115309
2114976,1091553
2120101,950649
1948220,115368
2062668,2683653
2101402,111691
2101628,114808
2118537,111400
2119143,106766
2119160,114514
374932,111021
1916614,108675
1917275,110818
1948135,110728
1948245,112878
2114977,1091555
369932,115016
375502,113258
1917278,114594
1918647,106883
1922898,1704339
1938430,1091495
1938441,949443
1948203,112878
2119145,110733
2123683,109417
1948202,1089698
2085499,111451
2123226,950656
364390,113018
369381,112829
374277,115321
374508,108860
599942,109069
1910995,114252
1932516,114238
2062433,110499
2102369,2685429
2102405,110826
2114461,111136
2115564,1953535
2118297,112264
1939931,107164
2063536,110693
2102333,2030630
2112793,948574
2115776,106924
2118295,112238
2123786,108031
370581,110496
600383,108860
1916533,111233
1916558,115765
1942326,114832
2062483,950198
2121814,950501
366774,109442
370002,108224
1917070,112558
2111077,115158
1916560,115765
1916612,108675
1942181,106924
1942235,112049
1942354,107958
1943153,114687
2055096,113269
2079815,2683653
2101406,110807
2119157,110736
1933061,949628
1939671,110633
2079816,2683653
2085787,106981
2119969,108518
2121864,114507
371162,112597
372041,114346
374707,108657
600188,111615
1918682,109741
1937870,114298
2086190,949303
2113075,1953534
2115780,111096
2118532,110733
2122826,113309
1919535,2144559
2064118,1704437
2085926,112263
1940541,107689
2063322,110551
2062976,106819
2195320,949481
2274069,948463
2075234,111104
2127384,108550
1939080,115421
1919546,111430
2259902,111075
2236517,111073
1943151,115400
1937876,114681
1946634,1895480
2200527,950945
2074258,950952
2086122,950583
2062384,112231
2273110,2685505
1919596,949636
2750578,2685504
2750579,2685498
2084108,112824
2058911,948596
2064292,114795
364933,949756
1922888,949393
1920051,1084323
2273648,112833
2385693,950672
1927857,949332
2062952,1884080
1946120,949204
2076180,949314
2062584,949338
1938830,2685435
1940498,948610
1942351,949170
2750746,1171887
1920620,114795
1939132,948133
2062246,111402
2199063,112852
2063768,114897
2269674,109369
2074286,107605
1918331,108211
2064245,949666
2118570,949653
2385290,950660
2385291,948267
2385296,112609
2385319,106925
2064243,112238
2269694,115061
1932061,111266
1940467,112810
363628,948932
2201617,1091350
1922325,949401
1940466,950837
2274074,951244
2085408,106113
2063773,949990
2086131,113309
2262841,950583
2269744,2157089
2251823,950950
1937783,949688
2269689,949434
2195132,950637
2086161,114320
1922329,949396
2123787,951475
2074259,112605
2076257,950966
2748019,111622
1927338,948455
2062699,948333
1942225,113920
2062506,1089652
2260020,1091125
2259310,1875928
2269688,948216
2074277,951265
2063501,110553
1940448,950647
1937508,948852
1938938,108705
1919609,949091
2063333,1091510
2074221,108798
2062400,951230
1936514,1090103
2260051,111254
2057046,106555
1932062,111266
2063815,108032
1942318,948627
1914550,1884135
2063108,113327
2391856,1089655
1936197,949617
2382258,948600
2109927,107605
2382280,949795
1947820,106952
2204112,2685228
1918707,106883
2382285,948600
2119174,114546
2076270,2030630
2383805,112475
1951780,110821
2195066,114574
2085748,948983
2274077,106210
1927706,949557
2085761,948983
1948074,106494
2085928,1091405
1919568,111623
2085952,107291
1923061,114366
1923058,115638
2063241,115409
2063853,107605
1914438,1884082
1937875,114956
1923047,106413
1923059,106369
1937784,949644
1943610,1890186
1914499,109097
1914498,949465
1921476,2146671
1921469,2146680
1921473,2146677
1921474,2146675
2063176,2146676
2063213,2146678
1921470,2146672
2063178,1884077
2259893,2685589
2262761,115400
2063190,113811
1946631,107628
1914434,1884082
1942222,1722545
2063000,109374
2195233,2159299
2260087,109913
2380589,2685520
1942182,106766
1923046,108097
2205460,107519
1923082,110777
2091359,109899
2063507,112056
1942300,109930
2063101,111443
2063042,113758
2062974,1884082
1923087,110785
2062968,1866389
1947116,113304
2063032,949017
1942239,107310
2063050,1089949
2063073,109551
2269719,113115
1942191,106766
2063211,108204
2062988,113327
1942195,106924
2062995,108543
2063220,107135
2076192,2685525
1938434,1091501
2074340,949555
2072339,1884124
1917674,1091456
2079754,108244
2062621,950993
1940239,2685246
1915967,2683660
1943609,1890186
1915293,1091314
1938318,108113
2074338,950478
1915299,949617
1917670,1091455
2074003,2685231
2384028,107833
2195018,2157082
2063383,114928
1950358,108322
1916168,111488
2062285,1858053
2382249,2685652
2201927,112232
2269679,951227
2267514,2685715
2203231,114217
1938943,1090042
2064293,950673
2074164,112263
371372,108947
1942350,114733
373556,109382
1945887,113342
1938936,948122
2063251,111400
1939675,2014021
1948780,950449
2074310,112907
2063007,113023
1915201,113904
1912008,106749
2063281,110237
2252418,111713
2074230,949303
2262494,951073
2062997,114729
1915315,1091310
1918704,106883
1922910,957978
1922904,957985
2383789,113988
2064096,113611
2074317,109826
2074010,1091452
1951562,111097
2063237,1874503
1938314,1091287
2062970,948722
2062977,948938
1919532,2144560
2091510,1090261
1914754,113258
2218100,949957
2220590,949957
2195052,1089653
2195050,1089653
2220591,112756
2269703,2159261
2203609,2683949
2259335,111075
2203268,949992
2267409,106131
2064020,2685429
2074344,948731
2260039,107030
2063948,948731
2195053,2683944
2267526,109892
2064113,114287
1919579,112413
2064112,114012
1916574,109521
2063983,114099
1928334,108399
2064014,1884081
2260041,107030
2063364,113775
1919581,110681
2063185,2685608
1920058,1719509
1947827,107895
2063376,112764
2391890,951178
1947798,1091452
2074343,948731
2063285,2685495
2063970,114099
2063786,112674
2086180,107895
1919501,110870
2063613,106891
1914753,115124
1917021,115087
2062282,2685608
1918705,106883
1918664,106883
1919649,106756
1928287,115245
1919086,951005
1947797,948938
2062666,948261
1947796,948722
2064104,951147
1914751,113258
2103901,108631
1919509,949190
2109923,108631
1947799,1091452
1942213,111097
2062945,114007
2063974,110387
1942249,110584
1919646,106698
2063857,111096
2063116,115658
2074371,108640
1916546,950985
2063161,108546
1942216,109826
2064154,111111
2236519,111074
1942237,112475
1931812,106210
1925494,2157051
2063355,949992
2063326,107837
2063324,109442
1947587,109288
2063445,949618
1927668,110641
1938807,107395
2195157,1090258
2063361,115531
1932526,114238
2063245,113925
1922895,949429
1922893,949400
1922894,949418
1942316,114607
1931810,106912
2113093,950661
1948071,111528
2385669,113765
1938908,112231
2126820,1091405
2385289,1091408
2268445,1091405
2195202,2157051
2203287,2156697
2200401,2156697
2203148,113871
2203291,2159343
2200372,2685648
2203247,2685563
2385294,107812
2203202,2685494
2748057,2685683
2262772,107749
2076361,2685437
2231076,1090323
2063321,112711
2385677,1091405
1922891,950675
1927692,110643
1939928,115745
1939956,111569
2385681,113925
1915327,1090267
1939092,107029
1939952,107812
1915371,111729
1915284,1090323
1939100,115061
1939119,113501
2063572,108763
1927841,108047
1939105,108863
1917019,115119
1948072,951372
1920957,110407
1920959,110405
1927702,112029
2063410,1704440
1938857,112231
1939120,113501
2259374,110638
1927690,112648
2063534,950302
2115774,113910
2203239,1092052
1938738,949394
2063357,115350
1919607,2685493
1947795,113717
2118303,114769
1927658,112029
1939114,114535
2064248,949392
1939098,114524
1925635,114087
1941031,113545
1940491,107965
2063789,107001
2113070,951042
2063495,113249
2058725,949182
1919592,951094
1915334,1476635
1927848,949332
2062619,949202
1916054,1089702
2267393,112829
1923350,1163156
2062615,115430
1951164,106217
2063341,114742
2062880,110608
2062715,113444
2076217,113497
2079809,1091127
1919593,950470
2063349,112701
2063776,950945
2195023,2685342
2273690,1875951
2074226,950647
2195208,2156681
2262861,115081
2203189,107711
2195136,950583
1919586,950471
1932447,114386
2124548,1089721
1919288,1091493
2063284,113700
1919287,1090256
2214866,113672
2074271,112533
1948783,109625
1922886,948267
1940444,950637
2195262,108125
1940496,950649
1916047,111343
1928335,112241
2063188,107202
2062915,110543
1937475,1091127
2062728,110554
1937880,113413
1940539,2685562
2062691,2030630
2063604,950192
1940504,950947
2062759,109721
2063308,113703
2063310,115457
1932471,951033
2063297,114509
1948779,948129
1942231,106979
1940443,950838
1927847,107933
1932094,1162338
1919599,110776
2195268,951294
1935656,107921
2062767,948866
1940480,108778
1941062,113545
1932088,111548
2072205,111297
1938972,112624
1941063,113802
1927680,106704
2208001,113496
1946871,112831
2062364,1091319
2260096,949317
1927645,949578
2106390,1094233
2062560,107659
1938456,1091503
1938454,1091501
1919516,1084320
2062505,110060
2105709,2031065
1938422,110064
1943600,115271
1935632,1875930
2195165,1091501
2262526,2685497
2062388,951384
2062550,108766
2062417,1864028
1933064,114817
1918696,106883
1935640,106239
1925490,2157052
2195342,112958
1935637,951022
2272378,1952605
2103869,107052
1927682,112041
1941033,110241
1938817,114243
1925614,107139
2062387,951343
1947389,950150
2117765,112231
1941032,114626
1938465,110501
1915310,108649
1938458,948955
1938453,1163198
2272350,1091134
1949119,112745
1935634,948436
1923041,109545
1946868,107459
1925916,111076
1923073,106491
1943599,2685685
1942362,112967
1935641,107922
1938230,115081
1945764,2683786
2062596,1091606
2062571,108050
2062480,111691
1935955,115218
1948097,957974
372445,112674
